error_family,policy_id,optimizer_family,checkpoint,empirical_bernstein_crossing_fraction_descriptive,mean_margin
diffuse_low_error,gibbs:beta=0.25,gibbs,32,0.0,-0.03239036719461046
diffuse_low_error,gibbs:beta=0.25,gibbs,64,0.0,-0.01636632718609102
diffuse_low_error,gibbs:beta=0.25,gibbs,128,0.0771484375,-0.0003104916546734786
diffuse_low_error,gibbs:beta=0.25,gibbs,256,1.0,0.008511336411485139
diffuse_low_error,gibbs:beta=0.25,gibbs,512,1.0,0.012952562775747328
diffuse_low_error,gibbs:beta=0.25,gibbs,1024,1.0,0.015199177275229209
diffuse_low_error,gibbs:beta=0.25,gibbs,2048,1.0,0.01634392584235593
diffuse_low_error,gibbs:beta=0.25,gibbs,4096,1.0,0.016933775262156506
diffuse_low_error,gibbs:beta=0.25,gibbs,8192,1.0,0.017258326564839707
diffuse_low_error,gibbs:beta=0.25,gibbs,16384,1.0,0.017973063313416762
diffuse_low_error,gibbs:beta=0.25,gibbs,32768,1.0,0.0183964047773872
diffuse_low_error,gibbs:beta=0.25,gibbs,65536,1.0,0.018633329087440736
diffuse_low_error,gibbs:beta=0.25,gibbs,131072,1.0,0.01876085145763638
diffuse_low_error,gibbs:beta=0.25,gibbs,262144,1.0,0.018827924922001124
diffuse_low_error,gibbs:beta=0.25,gibbs,524288,1.0,0.018862840018441733
diffuse_low_error,gibbs:beta=0.25,gibbs,1048576,1.0,0.01888094581886954
diffuse_low_error,gibbs:beta=0.5,gibbs,32,0.0,-0.0647453937967469
diffuse_low_error,gibbs:beta=0.5,gibbs,64,0.0,-0.03274876890820143
diffuse_low_error,gibbs:beta=0.5,gibbs,128,0.0,-0.0024510695318436244
diffuse_low_error,gibbs:beta=0.5,gibbs,256,1.0,0.01587804200053898
diffuse_low_error,gibbs:beta=0.5,gibbs,512,1.0,0.025105577695027553
diffuse_low_error,gibbs:beta=0.5,gibbs,1024,1.0,0.029773368477443253
diffuse_low_error,gibbs:beta=0.5,gibbs,2048,1.0,0.032151812492226386
diffuse_low_error,gibbs:beta=0.5,gibbs,4096,1.0,0.03337734258890891
diffuse_low_error,gibbs:beta=0.5,gibbs,8192,1.0,0.034386160957545375
diffuse_low_error,gibbs:beta=0.5,gibbs,16384,1.0,0.03581974415903176
diffuse_low_error,gibbs:beta=0.5,gibbs,32768,1.0,0.03666506768638367
diffuse_low_error,gibbs:beta=0.5,gibbs,65536,1.0,0.03713815551390594
diffuse_low_error,gibbs:beta=0.5,gibbs,131072,1.0,0.03739279076455926
diffuse_low_error,gibbs:beta=0.5,gibbs,262144,1.0,0.03752672231229085
diffuse_low_error,gibbs:beta=0.5,gibbs,524288,1.0,0.037596440388578956
diffuse_low_error,gibbs:beta=0.5,gibbs,1048576,1.0,0.037632593849521855
diffuse_low_error,gibbs:beta=1,gibbs,32,0.0,-0.12920902385213234
diffuse_low_error,gibbs:beta=1,gibbs,64,0.0,-0.06561977685349442
diffuse_low_error,gibbs:beta=1,gibbs,128,0.0,-0.012551524902216518
diffuse_low_error,gibbs:beta=1,gibbs,256,1.0,0.02676885054884326
diffuse_low_error,gibbs:beta=1,gibbs,512,1.0,0.046564145446488625
diffuse_low_error,gibbs:beta=1,gibbs,1024,1.0,0.05657768515174477
diffuse_low_error,gibbs:beta=1,gibbs,2048,1.0,0.06168002257193951
diffuse_low_error,gibbs:beta=1,gibbs,4096,1.0,0.06430908091134643
diffuse_low_error,gibbs:beta=1,gibbs,8192,1.0,0.06780240915330206
diffuse_low_error,gibbs:beta=1,gibbs,16384,1.0,0.07065147453472767
diffuse_low_error,gibbs:beta=1,gibbs,32768,1.0,0.07233144818075381
diffuse_low_error,gibbs:beta=1,gibbs,65536,1.0,0.07327165043087089
diffuse_low_error,gibbs:beta=1,gibbs,131072,1.0,0.07377770580092183
diffuse_low_error,gibbs:beta=1,gibbs,262144,1.0,0.07404387782060454
diffuse_low_error,gibbs:beta=1,gibbs,524288,1.0,0.07418243368356811
diffuse_low_error,gibbs:beta=1,gibbs,1048576,1.0,0.07425428411672354
diffuse_low_error,gibbs:beta=2,gibbs,32,0.0,-0.25620044269975284
diffuse_low_error,gibbs:beta=2,gibbs,64,0.0,-0.13202947336821594
diffuse_low_error,gibbs:beta=2,gibbs,128,0.0,-0.04589695492425333
diffuse_low_error,gibbs:beta=2,gibbs,256,1.0,0.03152655058821272
diffuse_low_error,gibbs:beta=2,gibbs,512,1.0,0.07595559844364139
diffuse_low_error,gibbs:beta=2,gibbs,1024,1.0,0.09843023380863308
diffuse_low_error,gibbs:beta=2,gibbs,2048,1.0,0.10988204569567607
diffuse_low_error,gibbs:beta=2,gibbs,4096,1.0,0.11957677491908864
diffuse_low_error,gibbs:beta=2,gibbs,8192,1.0,0.12850454690649182
diffuse_low_error,gibbs:beta=2,gibbs,16384,1.0,0.13406792793077288
diffuse_low_error,gibbs:beta=2,gibbs,32768,1.0,0.13734841898742858
diffuse_low_error,gibbs:beta=2,gibbs,65536,1.0,0.13918435556908415
diffuse_low_error,gibbs:beta=2,gibbs,131072,1.0,0.14017253185360595
diffuse_low_error,gibbs:beta=2,gibbs,262144,1.0,0.14069228698915023
diffuse_low_error,gibbs:beta=2,gibbs,524288,1.0,0.14096284556033634
diffuse_low_error,gibbs:beta=2,gibbs,1048576,1.0,0.1411031481799285
diffuse_low_error,gibbs:beta=4,gibbs,32,0.0,-0.49615831835178814
diffuse_low_error,gibbs:beta=4,gibbs,64,0.0,-0.26655300642435975
diffuse_low_error,gibbs:beta=4,gibbs,128,0.0,-0.10728483069144949
diffuse_low_error,gibbs:beta=4,gibbs,256,1.0,0.003988203087102079
diffuse_low_error,gibbs:beta=4,gibbs,512,1.0,0.08193943675660242
diffuse_low_error,gibbs:beta=4,gibbs,1024,1.0,0.1360595271728033
diffuse_low_error,gibbs:beta=4,gibbs,2048,1.0,0.17343852082586386
diffuse_low_error,gibbs:beta=4,gibbs,4096,1.0,0.1986936726657435
diffuse_low_error,gibbs:beta=4,gibbs,8192,1.0,0.21520207139227293
diffuse_low_error,gibbs:beta=4,gibbs,16384,1.0,0.22548935385715063
diffuse_low_error,gibbs:beta=4,gibbs,32768,1.0,0.23155533027976738
diffuse_low_error,gibbs:beta=4,gibbs,65536,1.0,0.23495017203528662
diffuse_low_error,gibbs:beta=4,gibbs,131072,1.0,0.2367774149509888
diffuse_low_error,gibbs:beta=4,gibbs,262144,1.0,0.2377384974058087
diffuse_low_error,gibbs:beta=4,gibbs,524288,1.0,0.23823878894308398
diffuse_low_error,gibbs:beta=4,gibbs,1048576,1.0,0.2384982233898722
diffuse_low_error,best_of_n:n=2,best_of_n,32,0.0,-0.2551205657809236
diffuse_low_error,best_of_n:n=2,best_of_n,64,0.0,-0.1283048672192654
diffuse_low_error,best_of_n:n=2,best_of_n,128,0.99609375,0.004472995649139926
diffuse_low_error,best_of_n:n=2,best_of_n,256,1.0,0.07121663420447197
diffuse_low_error,best_of_n:n=2,best_of_n,512,1.0,0.1048177886336584
diffuse_low_error,best_of_n:n=2,best_of_n,1024,1.0,0.12181508499922677
diffuse_low_error,best_of_n:n=2,best_of_n,2048,1.0,0.1304759525686295
diffuse_low_error,best_of_n:n=2,best_of_n,4096,1.0,0.13493859865309177
diffuse_low_error,best_of_n:n=2,best_of_n,8192,1.0,0.13727342166968287
diffuse_low_error,best_of_n:n=2,best_of_n,16384,1.0,0.1417047850764744
diffuse_low_error,best_of_n:n=2,best_of_n,32768,1.0,0.14504039234702715
diffuse_low_error,best_of_n:n=2,best_of_n,65536,1.0,0.1469071748818002
diffuse_low_error,best_of_n:n=2,best_of_n,131072,1.0,0.14791195372201416
diffuse_low_error,best_of_n:n=2,best_of_n,262144,1.0,0.14844044137190765
diffuse_low_error,best_of_n:n=2,best_of_n,524288,1.0,0.14871554565403267
diffuse_low_error,best_of_n:n=2,best_of_n,1048576,1.0,0.1488582055271756
diffuse_low_error,best_of_n:n=4,best_of_n,32,0.0,-0.5287207482137728
diffuse_low_error,best_of_n:n=4,best_of_n,64,0.0,-0.2807827796050253
diffuse_low_error,best_of_n:n=4,best_of_n,128,0.0,-0.10879796085780052
diffuse_low_error,best_of_n:n=4,best_of_n,256,1.0,0.015279480710574842
diffuse_low_error,best_of_n:n=4,best_of_n,512,1.0,0.1143256015872475
diffuse_low_error,best_of_n:n=4,best_of_n,1024,1.0,0.1645248921473746
diffuse_low_error,best_of_n:n=4,best_of_n,2048,1.0,0.1943396826454872
diffuse_low_error,best_of_n:n=4,best_of_n,4096,1.0,0.22161115696045608
diffuse_low_error,best_of_n:n=4,best_of_n,8192,1.0,0.2394376558810587
diffuse_low_error,best_of_n:n=4,best_of_n,16384,1.0,0.250546318374252
diffuse_low_error,best_of_n:n=4,best_of_n,32768,1.0,0.2570966279434292
diffuse_low_error,best_of_n:n=4,best_of_n,65536,1.0,0.2607625281856572
diffuse_low_error,best_of_n:n=4,best_of_n,131072,1.0,0.26273566588387004
diffuse_low_error,best_of_n:n=4,best_of_n,262144,1.0,0.2637734852161548
diffuse_low_error,best_of_n:n=4,best_of_n,524288,1.0,0.26431372214021764
diffuse_low_error,best_of_n:n=4,best_of_n,1048576,1.0,0.2645938709276471
diffuse_low_error,best_of_n:n=8,best_of_n,32,0.0,-0.9048777571884251
diffuse_low_error,best_of_n:n=8,best_of_n,64,0.0,-0.537824469490712
diffuse_low_error,best_of_n:n=8,best_of_n,128,0.0,-0.2638291838565032
diffuse_low_error,best_of_n:n=8,best_of_n,256,0.0,-0.07240182221793282
diffuse_low_error,best_of_n:n=8,best_of_n,512,1.0,0.06151495831177271
diffuse_low_error,best_of_n:n=8,best_of_n,1024,1.0,0.15480565347786882
diffuse_low_error,best_of_n:n=8,best_of_n,2048,1.0,0.21911020142387339
diffuse_low_error,best_of_n:n=8,best_of_n,4096,1.0,0.2625576290738735
diffuse_low_error,best_of_n:n=8,best_of_n,8192,1.0,0.29095767449176163
diffuse_low_error,best_of_n:n=8,best_of_n,16384,1.0,0.3086552897522692
diffuse_low_error,best_of_n:n=8,best_of_n,32768,1.0,0.3190908267634577
diffuse_low_error,best_of_n:n=8,best_of_n,65536,1.0,0.3249311061049271
diffuse_low_error,best_of_n:n=8,best_of_n,131072,1.0,0.32807458371623904
diffuse_low_error,best_of_n:n=8,best_of_n,262144,1.0,0.3297279715353349
diffuse_low_error,best_of_n:n=8,best_of_n,524288,1.0,0.33058864267710764
diffuse_low_error,best_of_n:n=8,best_of_n,1048576,1.0,0.3310349579251099
diffuse_low_error,best_of_n:n=16,best_of_n,32,0.0,-1.1105503462316872
diffuse_low_error,best_of_n:n=16,best_of_n,64,0.0,-0.9396402694482131
diffuse_low_error,best_of_n:n=16,best_of_n,128,0.0,-0.532052652102724
diffuse_low_error,best_of_n:n=16,best_of_n,256,0.0,-0.24729073715079442
diffuse_low_error,best_of_n:n=16,best_of_n,512,0.0,-0.04807993185412582
diffuse_low_error,best_of_n:n=16,best_of_n,1024,1.0,0.09069666087169467
diffuse_low_error,best_of_n:n=16,best_of_n,2048,1.0,0.18635428294035128
diffuse_low_error,best_of_n:n=16,best_of_n,4096,1.0,0.2509854442928703
diffuse_low_error,best_of_n:n=16,best_of_n,8192,1.0,0.29323254652890773
diffuse_low_error,best_of_n:n=16,best_of_n,16384,1.0,0.3195590171469367
diffuse_low_error,best_of_n:n=16,best_of_n,32768,1.0,0.33508262608884154
diffuse_low_error,best_of_n:n=16,best_of_n,65536,1.0,0.34377046002697553
diffuse_low_error,best_of_n:n=16,best_of_n,131072,1.0,0.3484466081833494
diffuse_low_error,best_of_n:n=16,best_of_n,262144,1.0,0.3509061410186442
diffuse_low_error,best_of_n:n=16,best_of_n,524288,1.0,0.3521864510034719
diffuse_low_error,best_of_n:n=16,best_of_n,1048576,1.0,0.3528503769104346
diffuse_low_error,best_of_n:n=32,best_of_n,32,0.0,-1.2556355194637434
diffuse_low_error,best_of_n:n=32,best_of_n,64,0.0,-1.2556355194637434
diffuse_low_error,best_of_n:n=32,best_of_n,128,0.0,-0.9329623678295067
diffuse_low_error,best_of_n:n=32,best_of_n,256,0.0,-0.5233708213237032
diffuse_low_error,best_of_n:n=32,best_of_n,512,0.0,-0.23683298905809624
diffuse_low_error,best_of_n:n=32,best_of_n,1024,0.0,-0.03722160758887742
diffuse_low_error,best_of_n:n=32,best_of_n,2048,1.0,0.10036895948110022
diffuse_low_error,best_of_n:n=32,best_of_n,4096,1.0,0.1933321541390417
diffuse_low_error,best_of_n:n=32,best_of_n,8192,1.0,0.2540989035941731
diffuse_low_error,best_of_n:n=32,best_of_n,16384,1.0,0.29196597516622086
diffuse_low_error,best_of_n:n=32,best_of_n,32768,1.0,0.3142945895630564
diffuse_low_error,best_of_n:n=32,best_of_n,65536,1.0,0.3267908650537821
diffuse_low_error,best_of_n:n=32,best_of_n,131072,1.0,0.3335168724813651
diffuse_low_error,best_of_n:n=32,best_of_n,262144,1.0,0.33705457820953544
diffuse_low_error,best_of_n:n=32,best_of_n,524288,1.0,0.33889613116713835
diffuse_low_error,best_of_n:n=32,best_of_n,1048576,1.0,0.3398510988953334
diffuse_low_error,top_spike:alpha=0.1,top_spike,32,0.0,-0.14687500000000003
diffuse_low_error,top_spike:alpha=0.1,top_spike,64,0.0,-0.14687500000000003
diffuse_low_error,top_spike:alpha=0.1,top_spike,128,0.0,-0.14687500000000003
diffuse_low_error,top_spike:alpha=0.1,top_spike,256,0.0,-0.14687500000000003
diffuse_low_error,top_spike:alpha=0.1,top_spike,512,0.0,-0.09651614015840576
diffuse_low_error,top_spike:alpha=0.1,top_spike,1024,0.0,-0.0555162813266
diffuse_low_error,top_spike:alpha=0.1,top_spike,2048,0.0,-0.02725539868085221
diffuse_low_error,top_spike:alpha=0.1,top_spike,4096,0.0,-0.008160907026742648
diffuse_low_error,top_spike:alpha=0.1,top_spike,8192,1.0,0.004320486223432769
diffuse_low_error,top_spike:alpha=0.1,top_spike,16384,1.0,0.012098322223567139
diffuse_low_error,top_spike:alpha=0.1,top_spike,32768,1.0,0.01668458394592916
diffuse_low_error,top_spike:alpha=0.1,top_spike,65536,1.0,0.01925129896624534
diffuse_low_error,top_spike:alpha=0.1,top_spike,131072,1.0,0.02063281014563219
diffuse_low_error,top_spike:alpha=0.1,top_spike,262144,1.0,0.021359449249955132
diffuse_low_error,top_spike:alpha=0.1,top_spike,524288,1.0,0.021737701285171156
diffuse_low_error,top_spike:alpha=0.1,top_spike,1048576,1.0,0.021933850130776755
diffuse_low_error,top_spike:alpha=0.25,top_spike,32,0.0,-0.3671875
diffuse_low_error,top_spike:alpha=0.25,top_spike,64,0.0,-0.3671875
diffuse_low_error,top_spike:alpha=0.25,top_spike,128,0.0,-0.3671875
diffuse_low_error,top_spike:alpha=0.25,top_spike,256,0.0,-0.3671875
diffuse_low_error,top_spike:alpha=0.25,top_spike,512,0.0,-0.24129035039601437
diffuse_low_error,top_spike:alpha=0.25,top_spike,1024,0.0,-0.13879070331649995
diffuse_low_error,top_spike:alpha=0.25,top_spike,2048,0.0,-0.06813849670213051
diffuse_low_error,top_spike:alpha=0.25,top_spike,4096,0.0,-0.020402267566856612
diffuse_low_error,top_spike:alpha=0.25,top_spike,8192,1.0,0.01080121555858193
diffuse_low_error,top_spike:alpha=0.25,top_spike,16384,1.0,0.03024580555891785
diffuse_low_error,top_spike:alpha=0.25,top_spike,32768,1.0,0.0417114598648229
diffuse_low_error,top_spike:alpha=0.25,top_spike,65536,1.0,0.048128247415613355
diffuse_low_error,top_spike:alpha=0.25,top_spike,131072,1.0,0.05158202536408048
diffuse_low_error,top_spike:alpha=0.25,top_spike,262144,1.0,0.053398623124887835
diffuse_low_error,top_spike:alpha=0.25,top_spike,524288,1.0,0.05434425321292788
diffuse_low_error,top_spike:alpha=0.25,top_spike,1048576,1.0,0.05483462532694189
diffuse_low_error,top_spike:alpha=0.5,top_spike,32,0.0,-0.734375
diffuse_low_error,top_spike:alpha=0.5,top_spike,64,0.0,-0.734375
diffuse_low_error,top_spike:alpha=0.5,top_spike,128,0.0,-0.734375
diffuse_low_error,top_spike:alpha=0.5,top_spike,256,0.0,-0.734375
diffuse_low_error,top_spike:alpha=0.5,top_spike,512,0.0,-0.48258070079202875
diffuse_low_error,top_spike:alpha=0.5,top_spike,1024,0.0,-0.2775814066329999
diffuse_low_error,top_spike:alpha=0.5,top_spike,2048,0.0,-0.13627699340426103
diffuse_low_error,top_spike:alpha=0.5,top_spike,4096,0.0,-0.040804535133713224
diffuse_low_error,top_spike:alpha=0.5,top_spike,8192,1.0,0.02160243111716386
diffuse_low_error,top_spike:alpha=0.5,top_spike,16384,1.0,0.0604916111178357
diffuse_low_error,top_spike:alpha=0.5,top_spike,32768,1.0,0.0834229197296458
diffuse_low_error,top_spike:alpha=0.5,top_spike,65536,1.0,0.09625649483122671
diffuse_low_error,top_spike:alpha=0.5,top_spike,131072,1.0,0.10316405072816096
diffuse_low_error,top_spike:alpha=0.5,top_spike,262144,1.0,0.10679724624977567
diffuse_low_error,top_spike:alpha=0.5,top_spike,524288,1.0,0.10868850642585576
diffuse_low_error,top_spike:alpha=0.5,top_spike,1048576,1.0,0.10966925065388378
diffuse_low_error,top_spike:alpha=0.75,top_spike,32,0.0,-1.1015625
diffuse_low_error,top_spike:alpha=0.75,top_spike,64,0.0,-1.1015625
diffuse_low_error,top_spike:alpha=0.75,top_spike,128,0.0,-1.1015625
diffuse_low_error,top_spike:alpha=0.75,top_spike,256,0.0,-1.1015625
diffuse_low_error,top_spike:alpha=0.75,top_spike,512,0.0,-0.7238710511880431
diffuse_low_error,top_spike:alpha=0.75,top_spike,1024,0.0,-0.4163721099494999
diffuse_low_error,top_spike:alpha=0.75,top_spike,2048,0.0,-0.2044154901063916
diffuse_low_error,top_spike:alpha=0.75,top_spike,4096,0.0,-0.06120680270056987
diffuse_low_error,top_spike:alpha=0.75,top_spike,8192,1.0,0.032403646675745745
diffuse_low_error,top_spike:alpha=0.75,top_spike,16384,1.0,0.0907374166767535
diffuse_low_error,top_spike:alpha=0.75,top_spike,32768,1.0,0.12513437959446866
diffuse_low_error,top_spike:alpha=0.75,top_spike,65536,1.0,0.14438474224684
diffuse_low_error,top_spike:alpha=0.75,top_spike,131072,1.0,0.1547460760922414
diffuse_low_error,top_spike:alpha=0.75,top_spike,262144,1.0,0.16019586937466346
diffuse_low_error,top_spike:alpha=0.75,top_spike,524288,1.0,0.1630327596387836
diffuse_low_error,top_spike:alpha=0.75,top_spike,1048576,1.0,0.1645038759808256
diffuse_low_error,top_spike:alpha=1,top_spike,32,0.0,-1.46875
diffuse_low_error,top_spike:alpha=1,top_spike,64,0.0,-1.46875
diffuse_low_error,top_spike:alpha=1,top_spike,128,0.0,-1.46875
diffuse_low_error,top_spike:alpha=1,top_spike,256,0.0,-1.46875
diffuse_low_error,top_spike:alpha=1,top_spike,512,0.0,-0.9651614015840575
diffuse_low_error,top_spike:alpha=1,top_spike,1024,0.0,-0.5551628132659998
diffuse_low_error,top_spike:alpha=1,top_spike,2048,0.0,-0.27255398680852205
diffuse_low_error,top_spike:alpha=1,top_spike,4096,0.0,-0.08160907026742645
diffuse_low_error,top_spike:alpha=1,top_spike,8192,1.0,0.04320486223432772
diffuse_low_error,top_spike:alpha=1,top_spike,16384,1.0,0.1209832222356714
diffuse_low_error,top_spike:alpha=1,top_spike,32768,1.0,0.1668458394592916
diffuse_low_error,top_spike:alpha=1,top_spike,65536,1.0,0.19251298966245342
diffuse_low_error,top_spike:alpha=1,top_spike,131072,1.0,0.2063281014563219
diffuse_low_error,top_spike:alpha=1,top_spike,262144,1.0,0.21359449249955134
diffuse_low_error,top_spike:alpha=1,top_spike,524288,1.0,0.21737701285171152
diffuse_low_error,top_spike:alpha=1,top_spike,1048576,1.0,0.21933850130776755
diffuse_low_error,scrambled_gibbs:beta=0.25,scrambled_gibbs,32,0.0,-0.1659058286786502
diffuse_low_error,scrambled_gibbs:beta=0.25,scrambled_gibbs,64,0.0,-0.11012864499777082
diffuse_low_error,scrambled_gibbs:beta=0.25,scrambled_gibbs,128,0.0,-0.06777760147889034
diffuse_low_error,scrambled_gibbs:beta=0.25,scrambled_gibbs,256,0.0,-0.03158774160777269
diffuse_low_error,scrambled_gibbs:beta=0.25,scrambled_gibbs,512,0.0,-0.013368461139688367
diffuse_low_error,scrambled_gibbs:beta=0.25,scrambled_gibbs,1024,0.0,-0.004152155481617006
diffuse_low_error,scrambled_gibbs:beta=0.25,scrambled_gibbs,2048,0.9921875,0.0005439562450331245
diffuse_low_error,scrambled_gibbs:beta=0.25,scrambled_gibbs,4096,1.0,0.0029862340165227094
diffuse_low_error,scrambled_gibbs:beta=0.25,scrambled_gibbs,8192,1.0,0.006902364603033951
diffuse_low_error,scrambled_gibbs:beta=0.25,scrambled_gibbs,16384,1.0,0.009401416732115071
diffuse_low_error,scrambled_gibbs:beta=0.25,scrambled_gibbs,32768,1.0,0.010875002331193534
diffuse_low_error,scrambled_gibbs:beta=0.25,scrambled_gibbs,65536,1.0,0.011699698896684867
diffuse_low_error,scrambled_gibbs:beta=0.25,scrambled_gibbs,131072,1.0,0.01214358437513111
diffuse_low_error,scrambled_gibbs:beta=0.25,scrambled_gibbs,262144,1.0,0.012377056641800204
diffuse_low_error,scrambled_gibbs:beta=0.25,scrambled_gibbs,524288,1.0,0.01249859064610674
diffuse_low_error,scrambled_gibbs:beta=0.25,scrambled_gibbs,1048576,1.0,0.012561614113073518
diffuse_low_error,scrambled_gibbs:beta=0.5,scrambled_gibbs,32,0.0,-0.16768456890895087
diffuse_low_error,scrambled_gibbs:beta=0.5,scrambled_gibbs,64,0.0,-0.10496316551829163
diffuse_low_error,scrambled_gibbs:beta=0.5,scrambled_gibbs,128,0.0,-0.06145579448414211
diffuse_low_error,scrambled_gibbs:beta=0.5,scrambled_gibbs,256,0.0,-0.02829104691208771
diffuse_low_error,scrambled_gibbs:beta=0.5,scrambled_gibbs,512,0.0,-0.0038122675005811553
diffuse_low_error,scrambled_gibbs:beta=0.5,scrambled_gibbs,1024,1.0,0.008570434087889966
diffuse_low_error,scrambled_gibbs:beta=0.5,scrambled_gibbs,2048,1.0,0.015241599045419859
diffuse_low_error,scrambled_gibbs:beta=0.5,scrambled_gibbs,4096,1.0,0.022128513635012042
diffuse_low_error,scrambled_gibbs:beta=0.5,scrambled_gibbs,8192,1.0,0.0266381215668519
diffuse_low_error,scrambled_gibbs:beta=0.5,scrambled_gibbs,16384,1.0,0.02944830390913669
diffuse_low_error,scrambled_gibbs:beta=0.5,scrambled_gibbs,32768,1.0,0.031105349867556968
diffuse_low_error,scrambled_gibbs:beta=0.5,scrambled_gibbs,65536,1.0,0.03203272056907923
diffuse_low_error,scrambled_gibbs:beta=0.5,scrambled_gibbs,131072,1.0,0.03253186947398219
diffuse_low_error,scrambled_gibbs:beta=0.5,scrambled_gibbs,262144,1.0,0.03279440887184899
diffuse_low_error,scrambled_gibbs:beta=0.5,scrambled_gibbs,524288,1.0,0.03293107377327903
diffuse_low_error,scrambled_gibbs:beta=0.5,scrambled_gibbs,1048576,1.0,0.033001943617072454
diffuse_low_error,scrambled_gibbs:beta=1,scrambled_gibbs,32,0.0,-0.19992025957259035
diffuse_low_error,scrambled_gibbs:beta=1,scrambled_gibbs,64,0.0,-0.1150649319181768
diffuse_low_error,scrambled_gibbs:beta=1,scrambled_gibbs,128,0.0,-0.056204128031338
diffuse_low_error,scrambled_gibbs:beta=1,scrambled_gibbs,256,0.0,-0.015080908097454257
diffuse_low_error,scrambled_gibbs:beta=1,scrambled_gibbs,512,1.0,0.013699724369233675
diffuse_low_error,scrambled_gibbs:beta=1,scrambled_gibbs,1024,1.0,0.033728744366451326
diffuse_low_error,scrambled_gibbs:beta=1,scrambled_gibbs,2048,1.0,0.04754291411364435
diffuse_low_error,scrambled_gibbs:beta=1,scrambled_gibbs,4096,1.0,0.05687647075632473
diffuse_low_error,scrambled_gibbs:beta=1,scrambled_gibbs,8192,1.0,0.06297748632617407
diffuse_low_error,scrambled_gibbs:beta=1,scrambled_gibbs,16384,1.0,0.06677936145224525
diffuse_low_error,scrambled_gibbs:beta=1,scrambled_gibbs,32768,1.0,0.06902116680319366
diffuse_low_error,scrambled_gibbs:beta=1,scrambled_gibbs,65536,1.0,0.07027579983882012
diffuse_low_error,scrambled_gibbs:beta=1,scrambled_gibbs,131072,1.0,0.07095109473951094
diffuse_low_error,scrambled_gibbs:beta=1,scrambled_gibbs,262144,1.0,0.07130628236963174
diffuse_low_error,scrambled_gibbs:beta=1,scrambled_gibbs,524288,1.0,0.07149117531466796
diffuse_low_error,scrambled_gibbs:beta=1,scrambled_gibbs,1048576,1.0,0.07158705460771331
diffuse_low_error,scrambled_gibbs:beta=2,scrambled_gibbs,32,0.0,-0.3073563898707414
diffuse_low_error,scrambled_gibbs:beta=2,scrambled_gibbs,64,0.0,-0.16752416142133017
diffuse_low_error,scrambled_gibbs:beta=2,scrambled_gibbs,128,0.0,-0.07052804340101004
diffuse_low_error,scrambled_gibbs:beta=2,scrambled_gibbs,256,0.0,-0.0027615089555901268
diffuse_low_error,scrambled_gibbs:beta=2,scrambled_gibbs,512,1.0,0.04464590471247511
diffuse_low_error,scrambled_gibbs:beta=2,scrambled_gibbs,1024,1.0,0.07767141921205234
diffuse_low_error,scrambled_gibbs:beta=2,scrambled_gibbs,2048,1.0,0.10043564855773877
diffuse_low_error,scrambled_gibbs:beta=2,scrambled_gibbs,4096,1.0,0.1158163212954619
diffuse_low_error,scrambled_gibbs:beta=2,scrambled_gibbs,8192,1.0,0.1258701225890123
diffuse_low_error,scrambled_gibbs:beta=2,scrambled_gibbs,16384,1.0,0.13213519380917238
diffuse_low_error,scrambled_gibbs:beta=2,scrambled_gibbs,32768,1.0,0.13582944196822272
diffuse_low_error,scrambled_gibbs:beta=2,scrambled_gibbs,65536,1.0,0.13789693894345564
diffuse_low_error,scrambled_gibbs:beta=2,scrambled_gibbs,131072,1.0,0.13900975051857195
diffuse_low_error,scrambled_gibbs:beta=2,scrambled_gibbs,262144,1.0,0.13959506058937546
diffuse_low_error,scrambled_gibbs:beta=2,scrambled_gibbs,524288,1.0,0.13989974378657297
diffuse_low_error,scrambled_gibbs:beta=2,scrambled_gibbs,1048576,1.0,0.14005774229508486
diffuse_low_error,scrambled_gibbs:beta=4,scrambled_gibbs,32,0.0,-0.5469410458040207
diffuse_low_error,scrambled_gibbs:beta=4,scrambled_gibbs,64,0.0,-0.3015695568925138
diffuse_low_error,scrambled_gibbs:beta=4,scrambled_gibbs,128,0.0,-0.13136500418532
diffuse_low_error,scrambled_gibbs:beta=4,scrambled_gibbs,256,0.0,-0.012451248467972562
diffuse_low_error,scrambled_gibbs:beta=4,scrambled_gibbs,512,1.0,0.07073721106076397
diffuse_low_error,scrambled_gibbs:beta=4,scrambled_gibbs,1024,1.0,0.12868894189341337
diffuse_low_error,scrambled_gibbs:beta=4,scrambled_gibbs,2048,1.0,0.1686346175821542
diffuse_low_error,scrambled_gibbs:beta=4,scrambled_gibbs,4096,1.0,0.19562395052753526
diffuse_low_error,scrambled_gibbs:beta=4,scrambled_gibbs,8192,1.0,0.21326592205280054
diffuse_low_error,scrambled_gibbs:beta=4,scrambled_gibbs,16384,1.0,0.22425959547468594
diffuse_low_error,scrambled_gibbs:beta=4,scrambled_gibbs,32768,1.0,0.23074210084019775
diffuse_low_error,scrambled_gibbs:beta=4,scrambled_gibbs,65536,1.0,0.23437005425807858
diffuse_low_error,scrambled_gibbs:beta=4,scrambled_gibbs,131072,1.0,0.23632276742078867
diffuse_low_error,scrambled_gibbs:beta=4,scrambled_gibbs,262144,1.0,0.23734984397631903
diffuse_low_error,scrambled_gibbs:beta=4,scrambled_gibbs,524288,1.0,0.23788448874721116
diffuse_low_error,scrambled_gibbs:beta=4,scrambled_gibbs,1048576,1.0,0.238161737631172
heteroskedastic_proxy_coupled,gibbs:beta=0.25,gibbs,32,0.0,-0.03408424858023082
heteroskedastic_proxy_coupled,gibbs:beta=0.25,gibbs,64,0.0,-0.01842634549180637
heteroskedastic_proxy_coupled,gibbs:beta=0.25,gibbs,128,0.0,-0.007774128170167307
heteroskedastic_proxy_coupled,gibbs:beta=0.25,gibbs,256,0.0048828125,-0.000603029517118523
heteroskedastic_proxy_coupled,gibbs:beta=0.25,gibbs,512,1.0,0.004093894083324518
heteroskedastic_proxy_coupled,gibbs:beta=0.25,gibbs,1024,1.0,0.0070765303767752665
heteroskedastic_proxy_coupled,gibbs:beta=0.25,gibbs,2048,1.0,0.008882770439992888
heteroskedastic_proxy_coupled,gibbs:beta=0.25,gibbs,4096,1.0,0.009934548457515398
heteroskedastic_proxy_coupled,gibbs:beta=0.25,gibbs,8192,1.0,0.010529473696007924
heteroskedastic_proxy_coupled,gibbs:beta=0.25,gibbs,16384,1.0,0.010864210838586559
heteroskedastic_proxy_coupled,gibbs:beta=0.25,gibbs,32768,1.0,0.011051433361350367
heteroskedastic_proxy_coupled,gibbs:beta=0.25,gibbs,65536,1.0,0.011157786479317042
heteroskedastic_proxy_coupled,gibbs:beta=0.25,gibbs,131072,1.0,0.011220833339808587
heteroskedastic_proxy_coupled,gibbs:beta=0.25,gibbs,262144,1.0,0.011258662993008435
heteroskedastic_proxy_coupled,gibbs:beta=0.25,gibbs,524288,1.0,0.011282111538044594
heteroskedastic_proxy_coupled,gibbs:beta=0.25,gibbs,1048576,1.0,0.01129703149944164
heteroskedastic_proxy_coupled,gibbs:beta=0.5,gibbs,32,0.0,-0.06812771731020345
heteroskedastic_proxy_coupled,gibbs:beta=0.5,gibbs,64,0.0,-0.03686219055196086
heteroskedastic_proxy_coupled,gibbs:beta=0.5,gibbs,128,0.0,-0.015591961465504445
heteroskedastic_proxy_coupled,gibbs:beta=0.5,gibbs,256,0.0029296875,-0.0012727914235946434
heteroskedastic_proxy_coupled,gibbs:beta=0.5,gibbs,512,1.0,0.008105973388127654
heteroskedastic_proxy_coupled,gibbs:beta=0.5,gibbs,1024,1.0,0.01406166836952848
heteroskedastic_proxy_coupled,gibbs:beta=0.5,gibbs,2048,1.0,0.01766834844089063
heteroskedastic_proxy_coupled,gibbs:beta=0.5,gibbs,4096,1.0,0.019768527089645466
heteroskedastic_proxy_coupled,gibbs:beta=0.5,gibbs,8192,1.0,0.02095646718981079
heteroskedastic_proxy_coupled,gibbs:beta=0.5,gibbs,16384,1.0,0.02162486659356027
heteroskedastic_proxy_coupled,gibbs:beta=0.5,gibbs,32768,1.0,0.02199871044494705
heteroskedastic_proxy_coupled,gibbs:beta=0.5,gibbs,65536,1.0,0.022211075168169014
heteroskedastic_proxy_coupled,gibbs:beta=0.5,gibbs,131072,1.0,0.02233696643806574
heteroskedastic_proxy_coupled,gibbs:beta=0.5,gibbs,262144,1.0,0.022412504268878426
heteroskedastic_proxy_coupled,gibbs:beta=0.5,gibbs,524288,1.0,0.022459326062839575
heteroskedastic_proxy_coupled,gibbs:beta=0.5,gibbs,1048576,1.0,0.022489118075834997
heteroskedastic_proxy_coupled,gibbs:beta=1,gibbs,32,0.0,-0.13593096424664833
heteroskedastic_proxy_coupled,gibbs:beta=1,gibbs,64,0.0,-0.07379468235761218
heteroskedastic_proxy_coupled,gibbs:beta=1,gibbs,128,0.0,-0.031522791000080444
heteroskedastic_proxy_coupled,gibbs:beta=1,gibbs,256,0.0009765625,-0.0030652507506878745
heteroskedastic_proxy_coupled,gibbs:beta=1,gibbs,512,1.0,0.015573858662637947
heteroskedastic_proxy_coupled,gibbs:beta=1,gibbs,1024,1.0,0.027410049527769577
heteroskedastic_proxy_coupled,gibbs:beta=1,gibbs,2048,1.0,0.034577870218289244
heteroskedastic_proxy_coupled,gibbs:beta=1,gibbs,4096,1.0,0.03875170978112221
heteroskedastic_proxy_coupled,gibbs:beta=1,gibbs,8192,1.0,0.041112590552520145
heteroskedastic_proxy_coupled,gibbs:beta=1,gibbs,16384,1.0,0.04244094986937995
heteroskedastic_proxy_coupled,gibbs:beta=1,gibbs,32768,1.0,0.04318391726320862
heteroskedastic_proxy_coupled,gibbs:beta=1,gibbs,65536,1.0,0.04360596530376908
heteroskedastic_proxy_coupled,gibbs:beta=1,gibbs,131072,1.0,0.04385615828769537
heteroskedastic_proxy_coupled,gibbs:beta=1,gibbs,262144,1.0,0.044006280177051535
heteroskedastic_proxy_coupled,gibbs:beta=1,gibbs,524288,1.0,0.04409933257340541
heteroskedastic_proxy_coupled,gibbs:beta=1,gibbs,1048576,1.0,0.04415854043297032
heteroskedastic_proxy_coupled,gibbs:beta=2,gibbs,32,0.0,-0.26932640178830347
heteroskedastic_proxy_coupled,gibbs:beta=2,gibbs,64,0.0,-0.14799264306358537
heteroskedastic_proxy_coupled,gibbs:beta=2,gibbs,128,0.0,-0.06544815680076546
heteroskedastic_proxy_coupled,gibbs:beta=2,gibbs,256,0.0,-0.009879007544539936
heteroskedastic_proxy_coupled,gibbs:beta=2,gibbs,512,1.0,0.02651765372397321
heteroskedastic_proxy_coupled,gibbs:beta=2,gibbs,1024,1.0,0.049630229549064486
heteroskedastic_proxy_coupled,gibbs:beta=2,gibbs,2048,1.0,0.06362686082157408
heteroskedastic_proxy_coupled,gibbs:beta=2,gibbs,4096,1.0,0.07177713352982598
heteroskedastic_proxy_coupled,gibbs:beta=2,gibbs,8192,1.0,0.07638723457201865
heteroskedastic_proxy_coupled,gibbs:beta=2,gibbs,16384,1.0,0.07898112696389732
heteroskedastic_proxy_coupled,gibbs:beta=2,gibbs,32768,1.0,0.0804319222764351
heteroskedastic_proxy_coupled,gibbs:beta=2,gibbs,65536,1.0,0.08125605712272431
heteroskedastic_proxy_coupled,gibbs:beta=2,gibbs,131072,1.0,0.08174460993315061
heteroskedastic_proxy_coupled,gibbs:beta=2,gibbs,262144,1.0,0.08203775352894813
heteroskedastic_proxy_coupled,gibbs:beta=2,gibbs,524288,1.0,0.08221945730433848
heteroskedastic_proxy_coupled,gibbs:beta=2,gibbs,1048576,1.0,0.08233507272142901
heteroskedastic_proxy_coupled,gibbs:beta=4,gibbs,32,0.0,-0.5204296109663004
heteroskedastic_proxy_coupled,gibbs:beta=4,gibbs,64,0.0,-0.2960706028238015
heteroskedastic_proxy_coupled,gibbs:beta=4,gibbs,128,0.0,-0.14343707972018088
heteroskedastic_proxy_coupled,gibbs:beta=4,gibbs,256,0.0,-0.04068382010398998
heteroskedastic_proxy_coupled,gibbs:beta=4,gibbs,512,1.0,0.02661747269143836
heteroskedastic_proxy_coupled,gibbs:beta=4,gibbs,1024,1.0,0.06935508044577046
heteroskedastic_proxy_coupled,gibbs:beta=4,gibbs,2048,1.0,0.0952363384125757
heteroskedastic_proxy_coupled,gibbs:beta=4,gibbs,4096,1.0,0.11030705838477212
heteroskedastic_proxy_coupled,gibbs:beta=4,gibbs,8192,1.0,0.11883162490388663
heteroskedastic_proxy_coupled,gibbs:beta=4,gibbs,16384,1.0,0.123628007463753
heteroskedastic_proxy_coupled,gibbs:beta=4,gibbs,32768,1.0,0.12631068210236907
heteroskedastic_proxy_coupled,gibbs:beta=4,gibbs,65536,1.0,0.1278345949740425
heteroskedastic_proxy_coupled,gibbs:beta=4,gibbs,131072,1.0,0.12873798101535983
heteroskedastic_proxy_coupled,gibbs:beta=4,gibbs,262144,1.0,0.12928003466215793
heteroskedastic_proxy_coupled,gibbs:beta=4,gibbs,524288,1.0,0.1296160242437122
heteroskedastic_proxy_coupled,gibbs:beta=4,gibbs,1048576,1.0,0.129829809430762
heteroskedastic_proxy_coupled,best_of_n:n=2,best_of_n,32,0.0,-0.2684670568435702
heteroskedastic_proxy_coupled,best_of_n:n=2,best_of_n,64,0.0,-0.14509474435256886
heteroskedastic_proxy_coupled,best_of_n:n=2,best_of_n,128,0.0,-0.061163410973780544
heteroskedastic_proxy_coupled,best_of_n:n=2,best_of_n,256,0.0048828125,-0.0046606328602932685
heteroskedastic_proxy_coupled,best_of_n:n=2,best_of_n,512,1.0,0.03234753629925454
heteroskedastic_proxy_coupled,best_of_n:n=2,best_of_n,1024,1.0,0.05584843132744281
heteroskedastic_proxy_coupled,best_of_n:n=2,best_of_n,2048,1.0,0.0700802229188591
heteroskedastic_proxy_coupled,best_of_n:n=2,best_of_n,4096,1.0,0.07836743005739877
heteroskedastic_proxy_coupled,best_of_n:n=2,best_of_n,8192,1.0,0.08305498636794614
heteroskedastic_proxy_coupled,best_of_n:n=2,best_of_n,16384,1.0,0.08569245928646782
heteroskedastic_proxy_coupled,best_of_n:n=2,best_of_n,32768,1.0,0.08716762971339721
heteroskedastic_proxy_coupled,best_of_n:n=2,best_of_n,65536,1.0,0.08800561102098858
heteroskedastic_proxy_coupled,best_of_n:n=2,best_of_n,131072,1.0,0.08850237210899722
heteroskedastic_proxy_coupled,best_of_n:n=2,best_of_n,262144,1.0,0.08880044087143885
heteroskedastic_proxy_coupled,best_of_n:n=2,best_of_n,524288,1.0,0.08898519748982658
heteroskedastic_proxy_coupled,best_of_n:n=2,best_of_n,1048576,1.0,0.08910275538563392
heteroskedastic_proxy_coupled,best_of_n:n=4,best_of_n,32,0.0,-0.5549299632177039
heteroskedastic_proxy_coupled,best_of_n:n=4,best_of_n,64,0.0,-0.3126571854193108
heteroskedastic_proxy_coupled,best_of_n:n=4,best_of_n,128,0.0,-0.14783675795520537
heteroskedastic_proxy_coupled,best_of_n:n=4,best_of_n,256,0.0,-0.03687924463243875
heteroskedastic_proxy_coupled,best_of_n:n=4,best_of_n,512,1.0,0.035795667286476984
heteroskedastic_proxy_coupled,best_of_n:n=4,best_of_n,1024,1.0,0.08194562593009813
heteroskedastic_proxy_coupled,best_of_n:n=4,best_of_n,2048,1.0,0.10989335271159725
heteroskedastic_proxy_coupled,best_of_n:n=4,best_of_n,4096,1.0,0.1261673825413544
heteroskedastic_proxy_coupled,best_of_n:n=4,best_of_n,8192,1.0,0.13537258641175715
heteroskedastic_proxy_coupled,best_of_n:n=4,best_of_n,16384,1.0,0.14055193238847202
heteroskedastic_proxy_coupled,best_of_n:n=4,best_of_n,32768,1.0,0.14344880308694657
heteroskedastic_proxy_coupled,best_of_n:n=4,best_of_n,65536,1.0,0.14509439159083476
heteroskedastic_proxy_coupled,best_of_n:n=4,best_of_n,131072,1.0,0.14606990778457377
heteroskedastic_proxy_coupled,best_of_n:n=4,best_of_n,262144,1.0,0.14665524128115495
heteroskedastic_proxy_coupled,best_of_n:n=4,best_of_n,524288,1.0,0.1470180576882536
heteroskedastic_proxy_coupled,best_of_n:n=4,best_of_n,1048576,1.0,0.14724891238647814
heteroskedastic_proxy_coupled,best_of_n:n=8,best_of_n,32,0.0,-0.9048777571884251
heteroskedastic_proxy_coupled,best_of_n:n=8,best_of_n,64,0.0,-0.5886047475938733
heteroskedastic_proxy_coupled,best_of_n:n=8,best_of_n,128,0.0,-0.3260233149399014
heteroskedastic_proxy_coupled,best_of_n:n=8,best_of_n,256,0.0,-0.14925285474703887
heteroskedastic_proxy_coupled,best_of_n:n=8,best_of_n,512,0.0,-0.03347180270586503
heteroskedastic_proxy_coupled,best_of_n:n=8,best_of_n,1024,1.0,0.04005137912305408
heteroskedastic_proxy_coupled,best_of_n:n=8,best_of_n,2048,1.0,0.08457592168502509
heteroskedastic_proxy_coupled,best_of_n:n=8,best_of_n,4096,1.0,0.11050267198836192
heteroskedastic_proxy_coupled,best_of_n:n=8,best_of_n,8192,1.0,0.12516781791324214
heteroskedastic_proxy_coupled,best_of_n:n=8,best_of_n,16384,1.0,0.13341922283738333
heteroskedastic_proxy_coupled,best_of_n:n=8,best_of_n,32768,1.0,0.1380343331724443
heteroskedastic_proxy_coupled,best_of_n:n=8,best_of_n,65536,1.0,0.1406559802192217
heteroskedastic_proxy_coupled,best_of_n:n=8,best_of_n,131072,1.0,0.14221011063661146
heteroskedastic_proxy_coupled,best_of_n:n=8,best_of_n,262144,1.0,0.14314262677236844
heteroskedastic_proxy_coupled,best_of_n:n=8,best_of_n,524288,1.0,0.14372064281948177
heteroskedastic_proxy_coupled,best_of_n:n=8,best_of_n,1048576,1.0,0.14408842585661719
heteroskedastic_proxy_coupled,best_of_n:n=16,best_of_n,32,0.0,-1.1105503462316872
heteroskedastic_proxy_coupled,best_of_n:n=16,best_of_n,64,0.0,-1.0151795712004352
heteroskedastic_proxy_coupled,best_of_n:n=16,best_of_n,128,0.0,-0.6245708778907312
heteroskedastic_proxy_coupled,best_of_n:n=16,best_of_n,256,0.0,-0.36161215391012064
heteroskedastic_proxy_coupled,best_of_n:n=16,best_of_n,512,0.0,-0.18937954404610535
heteroskedastic_proxy_coupled,best_of_n:n=16,best_of_n,1024,0.0,-0.08000854362197668
heteroskedastic_proxy_coupled,best_of_n:n=16,best_of_n,2048,0.001953125,-0.013775096669684234
heteroskedastic_proxy_coupled,best_of_n:n=16,best_of_n,4096,1.0,0.02479280188808984
heteroskedastic_proxy_coupled,best_of_n:n=16,best_of_n,8192,1.0,0.04660825711284043
heteroskedastic_proxy_coupled,best_of_n:n=16,best_of_n,16384,1.0,0.058882813096527986
heteroskedastic_proxy_coupled,best_of_n:n=16,best_of_n,32768,1.0,0.06574812036230811
heteroskedastic_proxy_coupled,best_of_n:n=16,best_of_n,65536,1.0,0.06964800816820049
heteroskedastic_proxy_coupled,best_of_n:n=16,best_of_n,131072,1.0,0.07195988850731588
heteroskedastic_proxy_coupled,best_of_n:n=16,best_of_n,262144,1.0,0.0733470730679175
heteroskedastic_proxy_coupled,best_of_n:n=16,best_of_n,524288,1.0,0.07420691334905616
heteroskedastic_proxy_coupled,best_of_n:n=16,best_of_n,1048576,1.0,0.07475401696603674
heteroskedastic_proxy_coupled,best_of_n:n=32,best_of_n,32,0.0,-1.2556355194637434
heteroskedastic_proxy_coupled,best_of_n:n=32,best_of_n,64,0.0,-1.2556355194637434
heteroskedastic_proxy_coupled,best_of_n:n=32,best_of_n,128,0.0,-1.0660373374471255
heteroskedastic_proxy_coupled,best_of_n:n=32,best_of_n,256,0.0,-0.6878067357861108
heteroskedastic_proxy_coupled,best_of_n:n=32,best_of_n,512,0.0,-0.44007339319764915
heteroskedastic_proxy_coupled,best_of_n:n=32,best_of_n,1024,0.0,-0.2827579838874963
heteroskedastic_proxy_coupled,best_of_n:n=32,best_of_n,2048,0.0,-0.18749011784516012
heteroskedastic_proxy_coupled,best_of_n:n=32,best_of_n,4096,0.0,-0.13201540586190796
heteroskedastic_proxy_coupled,best_of_n:n=32,best_of_n,8192,0.0,-0.10063682054532135
heteroskedastic_proxy_coupled,best_of_n:n=32,best_of_n,16384,0.0,-0.08298152991813425
heteroskedastic_proxy_coupled,best_of_n:n=32,best_of_n,32768,0.0,-0.07310671284260259
heteroskedastic_proxy_coupled,best_of_n:n=32,best_of_n,65536,0.0,-0.06749725106508846
heteroskedastic_proxy_coupled,best_of_n:n=32,best_of_n,131072,0.0,-0.06417192350646991
heteroskedastic_proxy_coupled,best_of_n:n=32,best_of_n,262144,0.0,-0.06217664590917708
heteroskedastic_proxy_coupled,best_of_n:n=32,best_of_n,524288,0.0,-0.060939881819572536
heteroskedastic_proxy_coupled,best_of_n:n=32,best_of_n,1048576,0.0,-0.06015294717413085
heteroskedastic_proxy_coupled,top_spike:alpha=0.1,top_spike,32,0.0,-0.14687500000000003
heteroskedastic_proxy_coupled,top_spike:alpha=0.1,top_spike,64,0.0,-0.14687500000000003
heteroskedastic_proxy_coupled,top_spike:alpha=0.1,top_spike,128,0.0,-0.14687500000000003
heteroskedastic_proxy_coupled,top_spike:alpha=0.1,top_spike,256,0.0,-0.14687500000000003
heteroskedastic_proxy_coupled,top_spike:alpha=0.1,top_spike,512,0.0,-0.1382613944485565
heteroskedastic_proxy_coupled,top_spike:alpha=0.1,top_spike,1024,0.0,-0.10594906072134055
heteroskedastic_proxy_coupled,top_spike:alpha=0.1,top_spike,2048,0.0,-0.08638119324708288
heteroskedastic_proxy_coupled,top_spike:alpha=0.1,top_spike,4096,0.0,-0.07498677603846718
heteroskedastic_proxy_coupled,top_spike:alpha=0.1,top_spike,8192,0.0,-0.06854166474845683
heteroskedastic_proxy_coupled,top_spike:alpha=0.1,top_spike,16384,0.0,-0.06491529626174405
heteroskedastic_proxy_coupled,top_spike:alpha=0.1,top_spike,32768,0.0,-0.06288702461156696
heteroskedastic_proxy_coupled,top_spike:alpha=0.1,top_spike,65536,0.0,-0.06173485012478322
heteroskedastic_proxy_coupled,top_spike:alpha=0.1,top_spike,131072,0.0,-0.061051833157166585
heteroskedastic_proxy_coupled,top_spike:alpha=0.1,top_spike,262144,0.0,-0.06064200632656633
heteroskedastic_proxy_coupled,top_spike:alpha=0.1,top_spike,524288,0.0,-0.0603879769585573
heteroskedastic_proxy_coupled,top_spike:alpha=0.1,top_spike,1048576,0.0,-0.06022634183968037
heteroskedastic_proxy_coupled,top_spike:alpha=0.25,top_spike,32,0.0,-0.3671875
heteroskedastic_proxy_coupled,top_spike:alpha=0.25,top_spike,64,0.0,-0.3671875
heteroskedastic_proxy_coupled,top_spike:alpha=0.25,top_spike,128,0.0,-0.3671875
heteroskedastic_proxy_coupled,top_spike:alpha=0.25,top_spike,256,0.0,-0.3671875
heteroskedastic_proxy_coupled,top_spike:alpha=0.25,top_spike,512,0.0,-0.34565348612139124
heteroskedastic_proxy_coupled,top_spike:alpha=0.25,top_spike,1024,0.0,-0.26487265180335134
heteroskedastic_proxy_coupled,top_spike:alpha=0.25,top_spike,2048,0.0,-0.21595298311770716
heteroskedastic_proxy_coupled,top_spike:alpha=0.25,top_spike,4096,0.0,-0.18746694009616788
heteroskedastic_proxy_coupled,top_spike:alpha=0.25,top_spike,8192,0.0,-0.17135416187114202
heteroskedastic_proxy_coupled,top_spike:alpha=0.25,top_spike,16384,0.0,-0.16228824065436015
heteroskedastic_proxy_coupled,top_spike:alpha=0.25,top_spike,32768,0.0,-0.15721756152891736
heteroskedastic_proxy_coupled,top_spike:alpha=0.25,top_spike,65536,0.0,-0.15433712531195803
heteroskedastic_proxy_coupled,top_spike:alpha=0.25,top_spike,131072,0.0,-0.15262958289291645
heteroskedastic_proxy_coupled,top_spike:alpha=0.25,top_spike,262144,0.0,-0.15160501581641578
heteroskedastic_proxy_coupled,top_spike:alpha=0.25,top_spike,524288,0.0,-0.15096994239639322
heteroskedastic_proxy_coupled,top_spike:alpha=0.25,top_spike,1048576,0.0,-0.1505658545992009
heteroskedastic_proxy_coupled,top_spike:alpha=0.5,top_spike,32,0.0,-0.734375
heteroskedastic_proxy_coupled,top_spike:alpha=0.5,top_spike,64,0.0,-0.734375
heteroskedastic_proxy_coupled,top_spike:alpha=0.5,top_spike,128,0.0,-0.734375
heteroskedastic_proxy_coupled,top_spike:alpha=0.5,top_spike,256,0.0,-0.734375
heteroskedastic_proxy_coupled,top_spike:alpha=0.5,top_spike,512,0.0,-0.6913069722427825
heteroskedastic_proxy_coupled,top_spike:alpha=0.5,top_spike,1024,0.0,-0.5297453036067027
heteroskedastic_proxy_coupled,top_spike:alpha=0.5,top_spike,2048,0.0,-0.43190596623541433
heteroskedastic_proxy_coupled,top_spike:alpha=0.5,top_spike,4096,0.0,-0.37493388019233576
heteroskedastic_proxy_coupled,top_spike:alpha=0.5,top_spike,8192,0.0,-0.34270832374228405
heteroskedastic_proxy_coupled,top_spike:alpha=0.5,top_spike,16384,0.0,-0.3245764813087203
heteroskedastic_proxy_coupled,top_spike:alpha=0.5,top_spike,32768,0.0,-0.3144351230578347
heteroskedastic_proxy_coupled,top_spike:alpha=0.5,top_spike,65536,0.0,-0.30867425062391607
heteroskedastic_proxy_coupled,top_spike:alpha=0.5,top_spike,131072,0.0,-0.3052591657858329
heteroskedastic_proxy_coupled,top_spike:alpha=0.5,top_spike,262144,0.0,-0.30321003163283156
heteroskedastic_proxy_coupled,top_spike:alpha=0.5,top_spike,524288,0.0,-0.30193988479278644
heteroskedastic_proxy_coupled,top_spike:alpha=0.5,top_spike,1048576,0.0,-0.3011317091984018
heteroskedastic_proxy_coupled,top_spike:alpha=0.75,top_spike,32,0.0,-1.1015625
heteroskedastic_proxy_coupled,top_spike:alpha=0.75,top_spike,64,0.0,-1.1015625
heteroskedastic_proxy_coupled,top_spike:alpha=0.75,top_spike,128,0.0,-1.1015625
heteroskedastic_proxy_coupled,top_spike:alpha=0.75,top_spike,256,0.0,-1.1015625
heteroskedastic_proxy_coupled,top_spike:alpha=0.75,top_spike,512,0.0,-1.0369604583641736
heteroskedastic_proxy_coupled,top_spike:alpha=0.75,top_spike,1024,0.0,-0.7946179554100539
heteroskedastic_proxy_coupled,top_spike:alpha=0.75,top_spike,2048,0.0,-0.6478589493531214
heteroskedastic_proxy_coupled,top_spike:alpha=0.75,top_spike,4096,0.0,-0.5624008202885037
heteroskedastic_proxy_coupled,top_spike:alpha=0.75,top_spike,8192,0.0,-0.514062485613426
heteroskedastic_proxy_coupled,top_spike:alpha=0.75,top_spike,16384,0.0,-0.4868647219630804
heteroskedastic_proxy_coupled,top_spike:alpha=0.75,top_spike,32768,0.0,-0.47165268458675214
heteroskedastic_proxy_coupled,top_spike:alpha=0.75,top_spike,65536,0.0,-0.46301137593587416
heteroskedastic_proxy_coupled,top_spike:alpha=0.75,top_spike,131072,0.0,-0.45788874867874935
heteroskedastic_proxy_coupled,top_spike:alpha=0.75,top_spike,262144,0.0,-0.4548150474492474
heteroskedastic_proxy_coupled,top_spike:alpha=0.75,top_spike,524288,0.0,-0.4529098271891797
heteroskedastic_proxy_coupled,top_spike:alpha=0.75,top_spike,1048576,0.0,-0.45169756379760273
heteroskedastic_proxy_coupled,top_spike:alpha=1,top_spike,32,0.0,-1.46875
heteroskedastic_proxy_coupled,top_spike:alpha=1,top_spike,64,0.0,-1.46875
heteroskedastic_proxy_coupled,top_spike:alpha=1,top_spike,128,0.0,-1.46875
heteroskedastic_proxy_coupled,top_spike:alpha=1,top_spike,256,0.0,-1.46875
heteroskedastic_proxy_coupled,top_spike:alpha=1,top_spike,512,0.0,-1.382613944485565
heteroskedastic_proxy_coupled,top_spike:alpha=1,top_spike,1024,0.0,-1.0594906072134054
heteroskedastic_proxy_coupled,top_spike:alpha=1,top_spike,2048,0.0,-0.8638119324708287
heteroskedastic_proxy_coupled,top_spike:alpha=1,top_spike,4096,0.0,-0.7498677603846715
heteroskedastic_proxy_coupled,top_spike:alpha=1,top_spike,8192,0.0,-0.6854166474845681
heteroskedastic_proxy_coupled,top_spike:alpha=1,top_spike,16384,0.0,-0.6491529626174406
heteroskedastic_proxy_coupled,top_spike:alpha=1,top_spike,32768,0.0,-0.6288702461156694
heteroskedastic_proxy_coupled,top_spike:alpha=1,top_spike,65536,0.0,-0.6173485012478321
heteroskedastic_proxy_coupled,top_spike:alpha=1,top_spike,131072,0.0,-0.6105183315716658
heteroskedastic_proxy_coupled,top_spike:alpha=1,top_spike,262144,0.0,-0.6064200632656631
heteroskedastic_proxy_coupled,top_spike:alpha=1,top_spike,524288,0.0,-0.6038797695855729
heteroskedastic_proxy_coupled,top_spike:alpha=1,top_spike,1048576,0.0,-0.6022634183968036
heteroskedastic_proxy_coupled,scrambled_gibbs:beta=0.25,scrambled_gibbs,32,0.0,-0.1718019655535667
heteroskedastic_proxy_coupled,scrambled_gibbs:beta=0.25,scrambled_gibbs,64,0.0,-0.1172992473778678
heteroskedastic_proxy_coupled,scrambled_gibbs:beta=0.25,scrambled_gibbs,128,0.0,-0.08022054051980848
heteroskedastic_proxy_coupled,scrambled_gibbs:beta=0.25,scrambled_gibbs,256,0.0,-0.05525906472767672
heteroskedastic_proxy_coupled,scrambled_gibbs:beta=0.25,scrambled_gibbs,512,0.0,-0.03890980634728811
heteroskedastic_proxy_coupled,scrambled_gibbs:beta=0.25,scrambled_gibbs,1024,0.0,-0.028527714670993617
heteroskedastic_proxy_coupled,scrambled_gibbs:beta=0.25,scrambled_gibbs,2048,0.0,-0.022240474766182565
heteroskedastic_proxy_coupled,scrambled_gibbs:beta=0.25,scrambled_gibbs,4096,0.0,-0.018579399553959305
heteroskedastic_proxy_coupled,scrambled_gibbs:beta=0.25,scrambled_gibbs,8192,0.0,-0.016508557601109322
heteroskedastic_proxy_coupled,scrambled_gibbs:beta=0.25,scrambled_gibbs,16384,0.0,-0.015343389823414395
heteroskedastic_proxy_coupled,scrambled_gibbs:beta=0.25,scrambled_gibbs,32768,0.0,-0.0146916974265006
heteroskedastic_proxy_coupled,scrambled_gibbs:beta=0.25,scrambled_gibbs,65536,0.0,-0.014321498812873352
heteroskedastic_proxy_coupled,scrambled_gibbs:beta=0.25,scrambled_gibbs,131072,0.0,-0.014102042526177232
heteroskedastic_proxy_coupled,scrambled_gibbs:beta=0.25,scrambled_gibbs,262144,0.0,-0.013970363404433285
heteroskedastic_proxy_coupled,scrambled_gibbs:beta=0.25,scrambled_gibbs,524288,0.0,-0.01388874267689916
heteroskedastic_proxy_coupled,scrambled_gibbs:beta=0.25,scrambled_gibbs,1048576,0.0,-0.013836808618639677
heteroskedastic_proxy_coupled,scrambled_gibbs:beta=0.5,scrambled_gibbs,32,0.0,-0.17431477063254472
heteroskedastic_proxy_coupled,scrambled_gibbs:beta=0.5,scrambled_gibbs,64,0.0,-0.11302650279629514
heteroskedastic_proxy_coupled,scrambled_gibbs:beta=0.5,scrambled_gibbs,128,0.0,-0.07133152329797429
heteroskedastic_proxy_coupled,scrambled_gibbs:beta=0.5,scrambled_gibbs,256,0.0,-0.04326236151773957
heteroskedastic_proxy_coupled,scrambled_gibbs:beta=0.5,scrambled_gibbs,512,0.0,-0.024877632093582625
heteroskedastic_proxy_coupled,scrambled_gibbs:beta=0.5,scrambled_gibbs,1024,0.0,-0.013202977385426407
heteroskedastic_proxy_coupled,scrambled_gibbs:beta=0.5,scrambled_gibbs,2048,0.0,-0.006132980582796752
heteroskedastic_proxy_coupled,scrambled_gibbs:beta=0.5,scrambled_gibbs,4096,0.0,-0.002016104109736039
heteroskedastic_proxy_coupled,scrambled_gibbs:beta=0.5,scrambled_gibbs,8192,0.87109375,0.000312556193841272
heteroskedastic_proxy_coupled,scrambled_gibbs:beta=0.5,scrambled_gibbs,16384,1.0,0.0016227865314058804
heteroskedastic_proxy_coupled,scrambled_gibbs:beta=0.5,scrambled_gibbs,32768,1.0,0.002355614168371491
heteroskedastic_proxy_coupled,scrambled_gibbs:beta=0.5,scrambled_gibbs,65536,1.0,0.0027719022461780637
heteroskedastic_proxy_coupled,scrambled_gibbs:beta=0.5,scrambled_gibbs,131072,1.0,0.003018680684530842
heteroskedastic_proxy_coupled,scrambled_gibbs:beta=0.5,scrambled_gibbs,262144,1.0,0.003166753763305904
heteroskedastic_proxy_coupled,scrambled_gibbs:beta=0.5,scrambled_gibbs,524288,1.0,0.0032585362133843547
heteroskedastic_proxy_coupled,scrambled_gibbs:beta=0.5,scrambled_gibbs,1048576,1.0,0.003316936024971179
heteroskedastic_proxy_coupled,scrambled_gibbs:beta=1,scrambled_gibbs,32,0.0,-0.20889021096488017
heteroskedastic_proxy_coupled,scrambled_gibbs:beta=1,scrambled_gibbs,64,0.0,-0.12597376191439677
heteroskedastic_proxy_coupled,scrambled_gibbs:beta=1,scrambled_gibbs,128,0.0,-0.06956492927336924
heteroskedastic_proxy_coupled,scrambled_gibbs:beta=1,scrambled_gibbs,256,0.0,-0.03159036570993229
heteroskedastic_proxy_coupled,scrambled_gibbs:beta=1,scrambled_gibbs,512,0.0,-0.006717799810730733
heteroskedastic_proxy_coupled,scrambled_gibbs:beta=1,scrambled_gibbs,1024,1.0,0.009076755109261238
heteroskedastic_proxy_coupled,scrambled_gibbs:beta=1,scrambled_gibbs,2048,1.0,0.018641702045575158
heteroskedastic_proxy_coupled,scrambled_gibbs:beta=1,scrambled_gibbs,4096,1.0,0.024211394098835857
heteroskedastic_proxy_coupled,scrambled_gibbs:beta=1,scrambled_gibbs,8192,1.0,0.027361821582499373
heteroskedastic_proxy_coupled,scrambled_gibbs:beta=1,scrambled_gibbs,16384,1.0,0.02913442261797549
heteroskedastic_proxy_coupled,scrambled_gibbs:beta=1,scrambled_gibbs,32768,1.0,0.0301258597652219
heteroskedastic_proxy_coupled,scrambled_gibbs:beta=1,scrambled_gibbs,65536,1.0,0.030689052859306325
heteroskedastic_proxy_coupled,scrambled_gibbs:beta=1,scrambled_gibbs,131072,1.0,0.031022917602638714
heteroskedastic_proxy_coupled,scrambled_gibbs:beta=1,scrambled_gibbs,262144,1.0,0.03122324458732042
heteroskedastic_proxy_coupled,scrambled_gibbs:beta=1,scrambled_gibbs,524288,1.0,0.031347416392371125
heteroskedastic_proxy_coupled,scrambled_gibbs:beta=1,scrambled_gibbs,1048576,1.0,0.03142642507009938
heteroskedastic_proxy_coupled,scrambled_gibbs:beta=2,scrambled_gibbs,32,0.0,-0.3221378812271246
heteroskedastic_proxy_coupled,scrambled_gibbs:beta=2,scrambled_gibbs,64,0.0,-0.18550071104187577
heteroskedastic_proxy_coupled,scrambled_gibbs:beta=2,scrambled_gibbs,128,0.0,-0.09254517141389937
heteroskedastic_proxy_coupled,scrambled_gibbs:beta=2,scrambled_gibbs,256,0.0,-0.029967275667679705
heteroskedastic_proxy_coupled,scrambled_gibbs:beta=2,scrambled_gibbs,512,1.0,0.011019971840276697
heteroskedastic_proxy_coupled,scrambled_gibbs:beta=2,scrambled_gibbs,1024,1.0,0.03704765770136846
heteroskedastic_proxy_coupled,scrambled_gibbs:beta=2,scrambled_gibbs,2048,1.0,0.052809636142513244
heteroskedastic_proxy_coupled,scrambled_gibbs:beta=2,scrambled_gibbs,4096,1.0,0.06198787483550722
heteroskedastic_proxy_coupled,scrambled_gibbs:beta=2,scrambled_gibbs,8192,1.0,0.06717943213410221
heteroskedastic_proxy_coupled,scrambled_gibbs:beta=2,scrambled_gibbs,16384,1.0,0.0701004832901573
heteroskedastic_proxy_coupled,scrambled_gibbs:beta=2,scrambled_gibbs,32768,1.0,0.07173426244697827
heteroskedastic_proxy_coupled,scrambled_gibbs:beta=2,scrambled_gibbs,65536,1.0,0.07266234259904455
heteroskedastic_proxy_coupled,scrambled_gibbs:beta=2,scrambled_gibbs,131072,1.0,0.07321251490232045
heteroskedastic_proxy_coupled,scrambled_gibbs:beta=2,scrambled_gibbs,262144,1.0,0.07354263169593742
heteroskedastic_proxy_coupled,scrambled_gibbs:beta=2,scrambled_gibbs,524288,1.0,0.0737472531462433
heteroskedastic_proxy_coupled,scrambled_gibbs:beta=2,scrambled_gibbs,1048576,1.0,0.07387745073994745
heteroskedastic_proxy_coupled,scrambled_gibbs:beta=4,scrambled_gibbs,32,0.0,-0.5728521017452641
heteroskedastic_proxy_coupled,scrambled_gibbs:beta=4,scrambled_gibbs,64,0.0,-0.3331140212466712
heteroskedastic_proxy_coupled,scrambled_gibbs:beta=4,scrambled_gibbs,128,0.0,-0.1699996990763649
heteroskedastic_proxy_coupled,scrambled_gibbs:beta=4,scrambled_gibbs,256,0.0,-0.06019073999398805
heteroskedastic_proxy_coupled,scrambled_gibbs:beta=4,scrambled_gibbs,512,1.0,0.011731892284236618
heteroskedastic_proxy_coupled,scrambled_gibbs:beta=4,scrambled_gibbs,1024,1.0,0.057404138972113466
heteroskedastic_proxy_coupled,scrambled_gibbs:beta=4,scrambled_gibbs,2048,1.0,0.08506257051669816
heteroskedastic_proxy_coupled,scrambled_gibbs:beta=4,scrambled_gibbs,4096,1.0,0.10116814302067847
heteroskedastic_proxy_coupled,scrambled_gibbs:beta=4,scrambled_gibbs,8192,1.0,0.1102780610864305
heteroskedastic_proxy_coupled,scrambled_gibbs:beta=4,scrambled_gibbs,16384,1.0,0.11540379411161233
heteroskedastic_proxy_coupled,scrambled_gibbs:beta=4,scrambled_gibbs,32768,1.0,0.11827067843940357
heteroskedastic_proxy_coupled,scrambled_gibbs:beta=4,scrambled_gibbs,65536,1.0,0.11989923296697526
heteroskedastic_proxy_coupled,scrambled_gibbs:beta=4,scrambled_gibbs,131072,1.0,0.12086465130228781
heteroskedastic_proxy_coupled,scrambled_gibbs:beta=4,scrambled_gibbs,262144,1.0,0.12144392583765573
heteroskedastic_proxy_coupled,scrambled_gibbs:beta=4,scrambled_gibbs,524288,1.0,0.12180298662415354
heteroskedastic_proxy_coupled,scrambled_gibbs:beta=4,scrambled_gibbs,1048576,1.0,0.1220314516766964
rare_top_tail,gibbs:beta=0.25,gibbs,32,0.0,-0.03746711740503776
rare_top_tail,gibbs:beta=0.25,gibbs,64,0.0,-0.022511122546249995
rare_top_tail,gibbs:beta=0.25,gibbs,128,0.01953125,-0.006823645062375792
rare_top_tail,gibbs:beta=0.25,gibbs,256,0.947265625,0.003789488125430517
rare_top_tail,gibbs:beta=0.25,gibbs,512,1.0,0.009556905385700708
rare_top_tail,gibbs:beta=0.25,gibbs,1024,1.0,0.01268604461990706
rare_top_tail,gibbs:beta=0.25,gibbs,2048,1.0,0.014494713320950179
rare_top_tail,gibbs:beta=0.25,gibbs,4096,1.0,0.015553691080302745
rare_top_tail,gibbs:beta=0.25,gibbs,8192,1.0,0.01620118152535205
rare_top_tail,gibbs:beta=0.25,gibbs,16384,1.0,0.01660808537668661
rare_top_tail,gibbs:beta=0.25,gibbs,32768,1.0,0.01686846481522221
rare_top_tail,gibbs:beta=0.25,gibbs,65536,1.0,0.017039852572609582
rare_top_tail,gibbs:beta=0.25,gibbs,131072,1.0,0.01715356954129664
rare_top_tail,gibbs:beta=0.25,gibbs,262144,1.0,0.01723064581582135
rare_top_tail,gibbs:beta=0.25,gibbs,524288,1.0,0.01728357056830935
rare_top_tail,gibbs:beta=0.25,gibbs,1048576,1.0,0.017320013850521152
rare_top_tail,gibbs:beta=0.5,gibbs,32,0.0,-0.07484498764548589
rare_top_tail,gibbs:beta=0.5,gibbs,64,0.0,-0.045386395536339254
rare_top_tail,gibbs:beta=0.5,gibbs,128,0.01953125,-0.015966376544598135
rare_top_tail,gibbs:beta=0.5,gibbs,256,0.9013671875,0.006067458159522112
rare_top_tail,gibbs:beta=0.5,gibbs,512,1.0,0.018050420582333422
rare_top_tail,gibbs:beta=0.5,gibbs,1024,1.0,0.024551832941993805
rare_top_tail,gibbs:beta=0.5,gibbs,2048,1.0,0.0283097037707986
rare_top_tail,gibbs:beta=0.5,gibbs,4096,1.0,0.03050994178449838
rare_top_tail,gibbs:beta=0.5,gibbs,8192,1.0,0.031855232635154065
rare_top_tail,gibbs:beta=0.5,gibbs,16384,1.0,0.032700656737520956
rare_top_tail,gibbs:beta=0.5,gibbs,32768,1.0,0.033241647078056616
rare_top_tail,gibbs:beta=0.5,gibbs,65536,1.0,0.03359773940913353
rare_top_tail,gibbs:beta=0.5,gibbs,131072,1.0,0.033834009146716054
rare_top_tail,gibbs:beta=0.5,gibbs,262144,1.0,0.033994150516698476
rare_top_tail,gibbs:beta=0.5,gibbs,524288,1.0,0.034104112271099184
rare_top_tail,gibbs:beta=0.5,gibbs,1048576,1.0,0.03417983047590399
rare_top_tail,gibbs:beta=1,gibbs,32,0.0,-0.14899350255590976
rare_top_tail,gibbs:beta=1,gibbs,64,0.0,-0.09169848065231143
rare_top_tail,gibbs:beta=1,gibbs,128,0.01953125,-0.0409734838477679
rare_top_tail,gibbs:beta=1,gibbs,256,0.755859375,0.005722776420189684
rare_top_tail,gibbs:beta=1,gibbs,512,1.0,0.031429127797256866
rare_top_tail,gibbs:beta=1,gibbs,1024,1.0,0.04537622907886363
rare_top_tail,gibbs:beta=1,gibbs,2048,1.0,0.05343777050296027
rare_top_tail,gibbs:beta=1,gibbs,4096,1.0,0.058157812968058595
rare_top_tail,gibbs:beta=1,gibbs,8192,1.0,0.06104378707788938
rare_top_tail,gibbs:beta=1,gibbs,16384,1.0,0.06285742616572575
rare_top_tail,gibbs:beta=1,gibbs,32768,1.0,0.06401798123505777
rare_top_tail,gibbs:beta=1,gibbs,65536,1.0,0.06478188537347987
rare_top_tail,gibbs:beta=1,gibbs,131072,1.0,0.06528874108075486
rare_top_tail,gibbs:beta=1,gibbs,262144,1.0,0.06563228303486601
rare_top_tail,gibbs:beta=1,gibbs,524288,1.0,0.06586817758221788
rare_top_tail,gibbs:beta=1,gibbs,1048576,1.0,0.0660306114370256
rare_top_tail,gibbs:beta=2,gibbs,32,0.0,-0.29272492303864545
rare_top_tail,gibbs:beta=2,gibbs,64,0.0,-0.18295345945785313
rare_top_tail,gibbs:beta=2,gibbs,128,0.0,-0.10089906325425924
rare_top_tail,gibbs:beta=2,gibbs,256,0.20703125,-0.01570550422653287
rare_top_tail,gibbs:beta=2,gibbs,512,0.99609375,0.04198619172818696
rare_top_tail,gibbs:beta=2,gibbs,1024,1.0,0.07328940966401701
rare_top_tail,gibbs:beta=2,gibbs,2048,1.0,0.09138293196674935
rare_top_tail,gibbs:beta=2,gibbs,4096,1.0,0.10197671163236341
rare_top_tail,gibbs:beta=2,gibbs,8192,1.0,0.10845406306856006
rare_top_tail,gibbs:beta=2,gibbs,16384,1.0,0.1125246393465393
rare_top_tail,gibbs:beta=2,gibbs,32768,1.0,0.11512941775377311
rare_top_tail,gibbs:beta=2,gibbs,65536,1.0,0.11684394303356332
rare_top_tail,gibbs:beta=2,gibbs,131072,1.0,0.11798154247781295
rare_top_tail,gibbs:beta=2,gibbs,262144,1.0,0.1187525965085042
rare_top_tail,gibbs:beta=2,gibbs,524288,1.0,0.11928204404577616
rare_top_tail,gibbs:beta=2,gibbs,1048576,1.0,0.119646614593773
rare_top_tail,gibbs:beta=4,gibbs,32,0.0,-0.541537353989024
rare_top_tail,gibbs:beta=4,gibbs,64,0.0,-0.36071686592907515
rare_top_tail,gibbs:beta=4,gibbs,128,0.0,-0.21268830868085717
rare_top_tail,gibbs:beta=4,gibbs,256,0.0029296875,-0.10742509363900671
rare_top_tail,gibbs:beta=4,gibbs,512,0.5146484375,0.00038394492436492087
rare_top_tail,gibbs:beta=4,gibbs,1024,0.9990234375,0.07263830669695254
rare_top_tail,gibbs:beta=4,gibbs,2048,1.0,0.11442561080160701
rare_top_tail,gibbs:beta=4,gibbs,4096,1.0,0.13889212898960338
rare_top_tail,gibbs:beta=4,gibbs,8192,1.0,0.1538516846652938
rare_top_tail,gibbs:beta=4,gibbs,16384,1.0,0.16325275129914785
rare_top_tail,gibbs:beta=4,gibbs,32768,1.0,0.16926853228458266
rare_top_tail,gibbs:beta=4,gibbs,65536,1.0,0.1732282582054384
rare_top_tail,gibbs:beta=4,gibbs,131072,1.0,0.17585556388593412
rare_top_tail,gibbs:beta=4,gibbs,262144,1.0,0.1776363265656667
rare_top_tail,gibbs:beta=4,gibbs,524288,1.0,0.17885909485131463
rare_top_tail,gibbs:beta=4,gibbs,1048576,1.0,0.17970107686575323
rare_top_tail,best_of_n:n=2,best_of_n,32,0.0,-0.2951842583682319
rare_top_tail,best_of_n:n=2,best_of_n,64,0.0,-0.17529133009188663
rare_top_tail,best_of_n:n=2,best_of_n,128,0.107421875,-0.044812430856343385
rare_top_tail,best_of_n:n=2,best_of_n,256,0.9716796875,0.035492367878481965
rare_top_tail,best_of_n:n=2,best_of_n,512,1.0,0.0791271349732883
rare_top_tail,best_of_n:n=2,best_of_n,1024,1.0,0.10280138213282503
rare_top_tail,best_of_n:n=2,best_of_n,2048,1.0,0.11648529539246409
rare_top_tail,best_of_n:n=2,best_of_n,4096,1.0,0.12449724351458841
rare_top_tail,best_of_n:n=2,best_of_n,8192,1.0,0.1293959864858079
rare_top_tail,best_of_n:n=2,best_of_n,16384,1.0,0.13247451435742089
rare_top_tail,best_of_n:n=2,best_of_n,32768,1.0,0.13444447693235778
rare_top_tail,best_of_n:n=2,best_of_n,65536,1.0,0.13574115177640206
rare_top_tail,best_of_n:n=2,best_of_n,131072,1.0,0.13660150455121664
rare_top_tail,best_of_n:n=2,best_of_n,262144,1.0,0.1371846434391534
rare_top_tail,best_of_n:n=2,best_of_n,524288,1.0,0.13758505824254771
rare_top_tail,best_of_n:n=2,best_of_n,1048576,1.0,0.13786077856235823
rare_top_tail,best_of_n:n=4,best_of_n,32,0.0,-0.5972644388277106
rare_top_tail,best_of_n:n=4,best_of_n,64,0.0,-0.38246507887751735
rare_top_tail,best_of_n:n=4,best_of_n,128,0.0,-0.22205368034143091
rare_top_tail,best_of_n:n=4,best_of_n,256,0.048828125,-0.08756290795033067
rare_top_tail,best_of_n:n=4,best_of_n,512,0.9013671875,0.03845161786422575
rare_top_tail,best_of_n:n=4,best_of_n,1024,1.0,0.10837040885273064
rare_top_tail,best_of_n:n=4,best_of_n,2048,1.0,0.14878405599673789
rare_top_tail,best_of_n:n=4,best_of_n,4096,1.0,0.17244629633690822
rare_top_tail,best_of_n:n=4,best_of_n,8192,1.0,0.18691409265596157
rare_top_tail,best_of_n:n=4,best_of_n,16384,1.0,0.19600612187053726
rare_top_tail,best_of_n:n=4,best_of_n,32768,1.0,0.201824148547542
rare_top_tail,best_of_n:n=4,best_of_n,65536,1.0,0.20565370801736718
rare_top_tail,best_of_n:n=4,best_of_n,131072,1.0,0.20819464735255566
rare_top_tail,best_of_n:n=4,best_of_n,262144,1.0,0.20991687174888643
rare_top_tail,best_of_n:n=4,best_of_n,524288,1.0,0.21109944447268064
rare_top_tail,best_of_n:n=4,best_of_n,1048576,1.0,0.21191374835665222
rare_top_tail,best_of_n:n=8,best_of_n,32,0.0,-0.9048777571884251
rare_top_tail,best_of_n:n=8,best_of_n,64,0.0,-0.6997292499687671
rare_top_tail,best_of_n:n=8,best_of_n,128,0.0,-0.44515891859885454
rare_top_tail,best_of_n:n=8,best_of_n,256,0.0,-0.26944613814559953
rare_top_tail,best_of_n:n=8,best_of_n,512,0.001953125,-0.1495304026031733
rare_top_tail,best_of_n:n=8,best_of_n,1024,0.1435546875,-0.047506782574362146
rare_top_tail,best_of_n:n=8,best_of_n,2048,0.9228515625,0.04227383538785834
rare_top_tail,best_of_n:n=8,best_of_n,4096,1.0,0.09579595350186615
rare_top_tail,best_of_n:n=8,best_of_n,8192,1.0,0.12852096568607624
rare_top_tail,best_of_n:n=8,best_of_n,16384,1.0,0.14908641741519282
rare_top_tail,best_of_n:n=8,best_of_n,32768,1.0,0.16224633408075292
rare_top_tail,best_of_n:n=8,best_of_n,65536,1.0,0.1709084950309415
rare_top_tail,best_of_n:n=8,best_of_n,131072,1.0,0.17665589904947016
rare_top_tail,best_of_n:n=8,best_of_n,262144,1.0,0.18055143456234202
rare_top_tail,best_of_n:n=8,best_of_n,524288,1.0,0.18322632062940075
rare_top_tail,best_of_n:n=8,best_of_n,1048576,1.0,0.18506821167741927
rare_top_tail,best_of_n:n=16,best_of_n,32,0.0,-1.1105503462316872
rare_top_tail,best_of_n:n=16,best_of_n,64,0.0,-1.0874235788405002
rare_top_tail,best_of_n:n=16,best_of_n,128,0.0,-0.801793623617808
rare_top_tail,best_of_n:n=16,best_of_n,256,0.0,-0.5404082740256781
rare_top_tail,best_of_n:n=16,best_of_n,512,0.0,-0.363645256306237
rare_top_tail,best_of_n:n=16,best_of_n,1024,0.0,-0.24931005208155782
rare_top_tail,best_of_n:n=16,best_of_n,2048,0.0,-0.17366328813261905
rare_top_tail,best_of_n:n=16,best_of_n,4096,0.0,-0.12398656278008899
rare_top_tail,best_of_n:n=16,best_of_n,8192,0.0009765625,-0.0851250570825888
rare_top_tail,best_of_n:n=16,best_of_n,16384,0.005859375,-0.04759344248891491
rare_top_tail,best_of_n:n=16,best_of_n,32768,0.0615234375,-0.02110287083461276
rare_top_tail,best_of_n:n=16,best_of_n,65536,0.3447265625,-0.003642591227057218
rare_top_tail,best_of_n:n=16,best_of_n,131072,0.8779296875,0.007942425694028135
rare_top_tail,best_of_n:n=16,best_of_n,262144,1.0,0.01579463943919341
rare_top_tail,best_of_n:n=16,best_of_n,524288,1.0,0.021186395482260617
rare_top_tail,best_of_n:n=16,best_of_n,1048576,1.0,0.02489908714084229
rare_top_tail,best_of_n:n=32,best_of_n,32,0.0,-1.2556355194637434
rare_top_tail,best_of_n:n=32,best_of_n,64,0.0,-1.2556355194637434
rare_top_tail,best_of_n:n=32,best_of_n,128,0.0,-1.2295339933312057
rare_top_tail,best_of_n:n=32,best_of_n,256,0.0,-0.9449808012145269
rare_top_tail,best_of_n:n=32,best_of_n,512,0.0,-0.6907310789335102
rare_top_tail,best_of_n:n=32,best_of_n,1024,0.0,-0.5262753330647247
rare_top_tail,best_of_n:n=32,best_of_n,2048,0.0,-0.41752331475175974
rare_top_tail,best_of_n:n=32,best_of_n,4096,0.0,-0.3471532307154776
rare_top_tail,best_of_n:n=32,best_of_n,8192,0.0,-0.300990996777298
rare_top_tail,best_of_n:n=32,best_of_n,16384,0.0,-0.27048581314546843
rare_top_tail,best_of_n:n=32,best_of_n,32768,0.0,-0.250280097881983
rare_top_tail,best_of_n:n=32,best_of_n,65536,0.0,-0.23666196254721705
rare_top_tail,best_of_n:n=32,best_of_n,131072,0.0,-0.2274710868498239
rare_top_tail,best_of_n:n=32,best_of_n,262144,0.0,-0.22116936162016945
rare_top_tail,best_of_n:n=32,best_of_n,524288,0.0,-0.21680738841310315
rare_top_tail,best_of_n:n=32,best_of_n,1048576,0.0,-0.21378691084009904
rare_top_tail,top_spike:alpha=0.1,top_spike,32,0.0,-0.14687500000000003
rare_top_tail,top_spike:alpha=0.1,top_spike,64,0.0,-0.14687500000000003
rare_top_tail,top_spike:alpha=0.1,top_spike,128,0.0,-0.14687500000000003
rare_top_tail,top_spike:alpha=0.1,top_spike,256,0.0,-0.14687500000000003
rare_top_tail,top_spike:alpha=0.1,top_spike,512,0.0,-0.1468607179685908
rare_top_tail,top_spike:alpha=0.1,top_spike,1024,0.0,-0.14558201982152813
rare_top_tail,top_spike:alpha=0.1,top_spike,2048,0.0,-0.1335175286243294
rare_top_tail,top_spike:alpha=0.1,top_spike,4096,0.0,-0.11917574153459695
rare_top_tail,top_spike:alpha=0.1,top_spike,8192,0.0,-0.1096940924377592
rare_top_tail,top_spike:alpha=0.1,top_spike,16384,0.0,-0.10342837645835151
rare_top_tail,top_spike:alpha=0.1,top_spike,32768,0.0,-0.09927815482619316
rare_top_tail,top_spike:alpha=0.1,top_spike,65536,0.0,-0.09648101158632269
rare_top_tail,top_spike:alpha=0.1,top_spike,131072,0.0,-0.09459322040247228
rare_top_tail,top_spike:alpha=0.1,top_spike,262144,0.0,-0.09329885610865818
rare_top_tail,top_spike:alpha=0.1,top_spike,524288,0.0,-0.09240291378111401
rare_top_tail,top_spike:alpha=0.1,top_spike,1048576,0.0,-0.09178251251347938
rare_top_tail,top_spike:alpha=0.25,top_spike,32,0.0,-0.3671875
rare_top_tail,top_spike:alpha=0.25,top_spike,64,0.0,-0.3671875
rare_top_tail,top_spike:alpha=0.25,top_spike,128,0.0,-0.3671875
rare_top_tail,top_spike:alpha=0.25,top_spike,256,0.0,-0.3671875
rare_top_tail,top_spike:alpha=0.25,top_spike,512,0.0,-0.36715179492147687
rare_top_tail,top_spike:alpha=0.25,top_spike,1024,0.0,-0.3639550495538203
rare_top_tail,top_spike:alpha=0.25,top_spike,2048,0.0,-0.3337938215608234
rare_top_tail,top_spike:alpha=0.25,top_spike,4096,0.0,-0.29793935383649234
rare_top_tail,top_spike:alpha=0.25,top_spike,8192,0.0,-0.27423523109439796
rare_top_tail,top_spike:alpha=0.25,top_spike,16384,0.0,-0.25857094114587875
rare_top_tail,top_spike:alpha=0.25,top_spike,32768,0.0,-0.24819538706548286
rare_top_tail,top_spike:alpha=0.25,top_spike,65536,0.0,-0.24120252896580668
rare_top_tail,top_spike:alpha=0.25,top_spike,131072,0.0,-0.23648305100618067
rare_top_tail,top_spike:alpha=0.25,top_spike,262144,0.0,-0.2332471402716454
rare_top_tail,top_spike:alpha=0.25,top_spike,524288,0.0,-0.23100728445278504
rare_top_tail,top_spike:alpha=0.25,top_spike,1048576,0.0,-0.22945628128369844
rare_top_tail,top_spike:alpha=0.5,top_spike,32,0.0,-0.734375
rare_top_tail,top_spike:alpha=0.5,top_spike,64,0.0,-0.734375
rare_top_tail,top_spike:alpha=0.5,top_spike,128,0.0,-0.734375
rare_top_tail,top_spike:alpha=0.5,top_spike,256,0.0,-0.734375
rare_top_tail,top_spike:alpha=0.5,top_spike,512,0.0,-0.7343035898429537
rare_top_tail,top_spike:alpha=0.5,top_spike,1024,0.0,-0.7279100991076406
rare_top_tail,top_spike:alpha=0.5,top_spike,2048,0.0,-0.6675876431216468
rare_top_tail,top_spike:alpha=0.5,top_spike,4096,0.0,-0.5958787076729847
rare_top_tail,top_spike:alpha=0.5,top_spike,8192,0.0,-0.5484704621887959
rare_top_tail,top_spike:alpha=0.5,top_spike,16384,0.0,-0.5171418822917575
rare_top_tail,top_spike:alpha=0.5,top_spike,32768,0.0,-0.4963907741309657
rare_top_tail,top_spike:alpha=0.5,top_spike,65536,0.0,-0.48240505793161337
rare_top_tail,top_spike:alpha=0.5,top_spike,131072,0.0,-0.47296610201236133
rare_top_tail,top_spike:alpha=0.5,top_spike,262144,0.0,-0.4664942805432908
rare_top_tail,top_spike:alpha=0.5,top_spike,524288,0.0,-0.4620145689055701
rare_top_tail,top_spike:alpha=0.5,top_spike,1048576,0.0,-0.4589125625673969
rare_top_tail,top_spike:alpha=0.75,top_spike,32,0.0,-1.1015625
rare_top_tail,top_spike:alpha=0.75,top_spike,64,0.0,-1.1015625
rare_top_tail,top_spike:alpha=0.75,top_spike,128,0.0,-1.1015625
rare_top_tail,top_spike:alpha=0.75,top_spike,256,0.0,-1.1015625
rare_top_tail,top_spike:alpha=0.75,top_spike,512,0.0,-1.1014553847644306
rare_top_tail,top_spike:alpha=0.75,top_spike,1024,0.0,-1.0918651486614608
rare_top_tail,top_spike:alpha=0.75,top_spike,2048,0.0,-1.0013814646824701
rare_top_tail,top_spike:alpha=0.75,top_spike,4096,0.0,-0.893818061509477
rare_top_tail,top_spike:alpha=0.75,top_spike,8192,0.0,-0.8227056932831939
rare_top_tail,top_spike:alpha=0.75,top_spike,16384,0.0,-0.7757128234376363
rare_top_tail,top_spike:alpha=0.75,top_spike,32768,0.0,-0.7445861611964486
rare_top_tail,top_spike:alpha=0.75,top_spike,65536,0.0,-0.72360758689742
rare_top_tail,top_spike:alpha=0.75,top_spike,131072,0.0,-0.7094491530185418
rare_top_tail,top_spike:alpha=0.75,top_spike,262144,0.0,-0.6997414208149362
rare_top_tail,top_spike:alpha=0.75,top_spike,524288,0.0,-0.6930218533583551
rare_top_tail,top_spike:alpha=0.75,top_spike,1048576,0.0,-0.6883688438510953
rare_top_tail,top_spike:alpha=1,top_spike,32,0.0,-1.46875
rare_top_tail,top_spike:alpha=1,top_spike,64,0.0,-1.46875
rare_top_tail,top_spike:alpha=1,top_spike,128,0.0,-1.46875
rare_top_tail,top_spike:alpha=1,top_spike,256,0.0,-1.46875
rare_top_tail,top_spike:alpha=1,top_spike,512,0.0,-1.4686071796859075
rare_top_tail,top_spike:alpha=1,top_spike,1024,0.0,-1.4558201982152812
rare_top_tail,top_spike:alpha=1,top_spike,2048,0.0,-1.3351752862432935
rare_top_tail,top_spike:alpha=1,top_spike,4096,0.0,-1.1917574153459694
rare_top_tail,top_spike:alpha=1,top_spike,8192,0.0,-1.0969409243775918
rare_top_tail,top_spike:alpha=1,top_spike,16384,0.0,-1.034283764583515
rare_top_tail,top_spike:alpha=1,top_spike,32768,0.0,-0.9927815482619314
rare_top_tail,top_spike:alpha=1,top_spike,65536,0.0,-0.9648101158632267
rare_top_tail,top_spike:alpha=1,top_spike,131072,0.0,-0.9459322040247227
rare_top_tail,top_spike:alpha=1,top_spike,262144,0.0,-0.9329885610865816
rare_top_tail,top_spike:alpha=1,top_spike,524288,0.0,-0.9240291378111402
rare_top_tail,top_spike:alpha=1,top_spike,1048576,0.0,-0.9178251251347938
rare_top_tail,scrambled_gibbs:beta=0.25,scrambled_gibbs,32,0.0,-0.18437340781149308
rare_top_tail,scrambled_gibbs:beta=0.25,scrambled_gibbs,64,0.0,-0.13300352904816726
rare_top_tail,scrambled_gibbs:beta=0.25,scrambled_gibbs,128,0.0,-0.09243439369949041
rare_top_tail,scrambled_gibbs:beta=0.25,scrambled_gibbs,256,0.0,-0.05095821975849947
rare_top_tail,scrambled_gibbs:beta=0.25,scrambled_gibbs,512,0.0,-0.02729849516376142
rare_top_tail,scrambled_gibbs:beta=0.25,scrambled_gibbs,1024,0.0,-0.014461800824007094
rare_top_tail,scrambled_gibbs:beta=0.25,scrambled_gibbs,2048,0.0029296875,-0.007042083918038324
rare_top_tail,scrambled_gibbs:beta=0.25,scrambled_gibbs,4096,0.0537109375,-0.0026978305013780042
rare_top_tail,scrambled_gibbs:beta=0.25,scrambled_gibbs,8192,0.494140625,-4.162497362446775e-05
rare_top_tail,scrambled_gibbs:beta=0.25,scrambled_gibbs,16384,0.97265625,0.0016276201363891307
rare_top_tail,scrambled_gibbs:beta=0.25,scrambled_gibbs,32768,1.0,0.0026957769088013566
rare_top_tail,scrambled_gibbs:beta=0.25,scrambled_gibbs,65536,1.0,0.0033988623551463805
rare_top_tail,scrambled_gibbs:beta=0.25,scrambled_gibbs,131072,1.0,0.0038653644373553776
rare_top_tail,scrambled_gibbs:beta=0.25,scrambled_gibbs,262144,1.0,0.00418155509007706
rare_top_tail,scrambled_gibbs:beta=0.25,scrambled_gibbs,524288,1.0,0.004398668749727904
rare_top_tail,scrambled_gibbs:beta=0.25,scrambled_gibbs,1048576,1.0,0.004548170334501253
rare_top_tail,scrambled_gibbs:beta=0.5,scrambled_gibbs,32,0.0,-0.18489129596530618
rare_top_tail,scrambled_gibbs:beta=0.5,scrambled_gibbs,64,0.0,-0.13068595636854585
rare_top_tail,scrambled_gibbs:beta=0.5,scrambled_gibbs,128,0.0,-0.090059305877806
rare_top_tail,scrambled_gibbs:beta=0.5,scrambled_gibbs,256,0.0,-0.053996762390736364
rare_top_tail,scrambled_gibbs:beta=0.5,scrambled_gibbs,512,0.001953125,-0.0225281674323812
rare_top_tail,scrambled_gibbs:beta=0.5,scrambled_gibbs,1024,0.1435546875,-0.005281239944425331
rare_top_tail,scrambled_gibbs:beta=0.5,scrambled_gibbs,2048,0.9228515625,0.004687628681050773
rare_top_tail,scrambled_gibbs:beta=0.5,scrambled_gibbs,4096,1.0,0.010524413579356531
rare_top_tail,scrambled_gibbs:beta=0.5,scrambled_gibbs,8192,1.0,0.014093197170970006
rare_top_tail,scrambled_gibbs:beta=0.5,scrambled_gibbs,16384,1.0,0.016335935730450297
rare_top_tail,scrambled_gibbs:beta=0.5,scrambled_gibbs,32768,1.0,0.017771073306524672
rare_top_tail,scrambled_gibbs:beta=0.5,scrambled_gibbs,65536,1.0,0.01871571398971023
rare_top_tail,scrambled_gibbs:beta=0.5,scrambled_gibbs,131072,1.0,0.01934248965109853
rare_top_tail,scrambled_gibbs:beta=0.5,scrambled_gibbs,262144,1.0,0.019767312203971175
rare_top_tail,scrambled_gibbs:beta=0.5,scrambled_gibbs,524288,1.0,0.020059018420971783
rare_top_tail,scrambled_gibbs:beta=0.5,scrambled_gibbs,1048576,1.0,0.020259883450836614
rare_top_tail,scrambled_gibbs:beta=1,scrambled_gibbs,32,0.0,-0.21370630812282848
rare_top_tail,scrambled_gibbs:beta=1,scrambled_gibbs,64,0.0,-0.14986510742109505
rare_top_tail,scrambled_gibbs:beta=1,scrambled_gibbs,128,0.0,-0.09515813386693867
rare_top_tail,scrambled_gibbs:beta=1,scrambled_gibbs,256,0.0,-0.056422061956340995
rare_top_tail,scrambled_gibbs:beta=1,scrambled_gibbs,512,0.0810546875,-0.01706712351267102
rare_top_tail,scrambled_gibbs:beta=1,scrambled_gibbs,1024,0.8955078125,0.009804457250966582
rare_top_tail,scrambled_gibbs:beta=1,scrambled_gibbs,2048,1.0,0.025347794122243153
rare_top_tail,scrambled_gibbs:beta=1,scrambled_gibbs,4096,1.0,0.034448437066588636
rare_top_tail,scrambled_gibbs:beta=1,scrambled_gibbs,8192,1.0,0.040012840377449135
rare_top_tail,scrambled_gibbs:beta=1,scrambled_gibbs,16384,1.0,0.04350969064741032
rare_top_tail,scrambled_gibbs:beta=1,scrambled_gibbs,32768,1.0,0.04574733943581392
rare_top_tail,scrambled_gibbs:beta=1,scrambled_gibbs,65536,1.0,0.04722021152518452
rare_top_tail,scrambled_gibbs:beta=1,scrambled_gibbs,131072,1.0,0.04819747239737404
rare_top_tail,scrambled_gibbs:beta=1,scrambled_gibbs,262144,1.0,0.0488598504763609
rare_top_tail,scrambled_gibbs:beta=1,scrambled_gibbs,524288,1.0,0.049314675208096154
rare_top_tail,scrambled_gibbs:beta=1,scrambled_gibbs,1048576,1.0,0.049627861482501395
rare_top_tail,scrambled_gibbs:beta=2,scrambled_gibbs,32,0.0,-0.3347256498705219
rare_top_tail,scrambled_gibbs:beta=2,scrambled_gibbs,64,0.0,-0.2248710154788852
rare_top_tail,scrambled_gibbs:beta=2,scrambled_gibbs,128,0.0,-0.13471995207181572
rare_top_tail,scrambled_gibbs:beta=2,scrambled_gibbs,256,0.0,-0.07241902753642226
rare_top_tail,scrambled_gibbs:beta=2,scrambled_gibbs,512,0.14453125,-0.021749150562208427
rare_top_tail,scrambled_gibbs:beta=2,scrambled_gibbs,1024,0.9638671875,0.025349375334275077
rare_top_tail,scrambled_gibbs:beta=2,scrambled_gibbs,2048,1.0,0.053618251037957185
rare_top_tail,scrambled_gibbs:beta=2,scrambled_gibbs,4096,1.0,0.07016971269306091
rare_top_tail,scrambled_gibbs:beta=2,scrambled_gibbs,8192,1.0,0.08028976779207606
rare_top_tail,scrambled_gibbs:beta=2,scrambled_gibbs,16384,1.0,0.0866495363832461
rare_top_tail,scrambled_gibbs:beta=2,scrambled_gibbs,32768,1.0,0.09071917831353007
rare_top_tail,scrambled_gibbs:beta=2,scrambled_gibbs,65536,1.0,0.09339791058103838
rare_top_tail,scrambled_gibbs:beta=2,scrambled_gibbs,131072,1.0,0.0951752680657783
rare_top_tail,scrambled_gibbs:beta=2,scrambled_gibbs,262144,1.0,0.09637994398181832
rare_top_tail,scrambled_gibbs:beta=2,scrambled_gibbs,524288,1.0,0.09720713983524823
rare_top_tail,scrambled_gibbs:beta=2,scrambled_gibbs,1048576,1.0,0.09777673592240642
rare_top_tail,scrambled_gibbs:beta=4,scrambled_gibbs,32,0.0,-0.571708905031295
rare_top_tail,scrambled_gibbs:beta=4,scrambled_gibbs,64,0.0,-0.40219931242547313
rare_top_tail,scrambled_gibbs:beta=4,scrambled_gibbs,128,0.0,-0.24400616267422606
rare_top_tail,scrambled_gibbs:beta=4,scrambled_gibbs,256,0.0,-0.1348542291555215
rare_top_tail,scrambled_gibbs:beta=4,scrambled_gibbs,512,0.015625,-0.06040257188378883
rare_top_tail,scrambled_gibbs:beta=4,scrambled_gibbs,1024,0.5048828125,0.0024162901053172677
rare_top_tail,scrambled_gibbs:beta=4,scrambled_gibbs,2048,0.9990234375,0.05821802612135848
rare_top_tail,scrambled_gibbs:beta=4,scrambled_gibbs,4096,1.0,0.09155172251234164
rare_top_tail,scrambled_gibbs:beta=4,scrambled_gibbs,8192,1.0,0.11193293422403185
rare_top_tail,scrambled_gibbs:beta=4,scrambled_gibbs,16384,1.0,0.12474114414243524
rare_top_tail,scrambled_gibbs:beta=4,scrambled_gibbs,32768,1.0,0.13293717004944455
rare_top_tail,scrambled_gibbs:beta=4,scrambled_gibbs,65536,1.0,0.13833198350933723
rare_top_tail,scrambled_gibbs:beta=4,scrambled_gibbs,131072,1.0,0.14191147975015977
rare_top_tail,scrambled_gibbs:beta=4,scrambled_gibbs,262144,1.0,0.14433762809110853
rare_top_tail,scrambled_gibbs:beta=4,scrambled_gibbs,524288,1.0,0.14600355319238867
rare_top_tail,scrambled_gibbs:beta=4,scrambled_gibbs,1048576,1.0,0.14715068710904605
