error_family,sample_size,policy_id,optimizer_family,proxy_gain,true_gain,movement_l1,movement_l2,movement_linf,kl_pi_p0,registered_certified_fraction,registered_false_safe_count,conditional_false_safe_count,pinsker_certified_fraction,rmse_only_certified_fraction,proxy_only_certified_fraction,rmse_only_false_safe_count,proxy_only_false_safe_count
diffuse_low_error,32,gibbs:beta=0.25,gibbs,0.021471632023217117,0.02156840220168199,0.06342879050940115,0.07326596045750301,0.1301095833339332,0.002682512429857056,0.0,0,0,0.0,0.0,1.0,0,0
diffuse_low_error,32,gibbs:beta=0.5,gibbs,0.04280564725180789,0.04299129874815887,0.12651637842990374,0.1462966550639766,0.27032867184385356,0.010678487341751097,0.0,0,0,0.0,0.0,1.0,0,0
diffuse_low_error,32,gibbs:beta=1,gibbs,0.08453507378378847,0.08487573013898489,0.2503850231480972,0.29074610732671685,0.5799203552942171,0.041909511510501075,0.0,0,0,0.0,0.0,1.0,0,0
diffuse_low_error,32,gibbs:beta=2,gibbs,0.16117848605081797,0.16174912935303898,0.481215813521801,0.5677410518307096,1.3015875414297935,0.15595609233809976,0.0,0,0,0.0,0.0,1.0,0,0
diffuse_low_error,32,gibbs:beta=4,gibbs,0.27561965554674756,0.2764464712100259,0.8440637696359343,1.049813511172201,3.0060390399686208,0.49028160475722493,0.0,0,0,0.0,0.0,1.0,0,0
diffuse_low_error,32,best_of_n:n=2,best_of_n,0.16927083333333331,0.17006429036458334,0.5,0.577279787559724,0.984375,0.1930159387641344,0.0,0,0,0.0,0.0,1.0,0,0
diffuse_low_error,32,best_of_n:n=4,best_of_n,0.3046792348225911,0.3055332471927007,0.94482421875,1.1336350504831605,2.9072227478027344,0.6361112836707075,0.0,0,0,0.0,0.0,1.0,0,0
diffuse_low_error,32,best_of_n:n=8,best_of_n,0.39489641273344966,0.39601153343446527,1.299774169921875,1.8060353333779144,6.5759081580906695,1.2037770968452264,0.0,0,0,0.0,0.0,1.0,0,0
diffuse_low_error,32,best_of_n:n=16,best_of_n,0.4478488661920985,0.4499933327592194,1.5583992124237862,2.686606948982354,13.255029059621577,1.8324760994551474,0.0,0,0,0.0,0.0,1.0,0,0
diffuse_low_error,32,best_of_n:n=32,best_of_n,0.47649359249269596,0.4821277852049132,1.732129111956439,3.8643211655346548,24.334966658451663,2.486615532998487,0.0,0,0,0.0,0.0,1.0,0,0
diffuse_low_error,32,top_spike:alpha=0.1,top_spike,0.05,0.05257812500000002,0.196875,0.7937253933193773,6.300000000000001,0.13339908599574957,0.0,0,0,0.0,0.0,1.0,0,0
diffuse_low_error,32,top_spike:alpha=0.25,top_spike,0.125,0.1314453125,0.4921875,1.984313483298443,15.75,0.5252373891045917,0.0,0,0,0.0,0.0,1.0,0,0
diffuse_low_error,32,top_spike:alpha=0.5,top_spike,0.25,0.262890625,0.984375,3.968626966596886,31.5,1.426658854933933,0.0,0,0,0.0,0.0,1.0,0,0
diffuse_low_error,32,top_spike:alpha=0.75,top_spike,0.37499999999999994,0.39433593750000007,1.4765625,5.952940449895329,47.25,2.581280664109183,0.0,0,0,0.0,0.0,1.0,0,0
diffuse_low_error,32,top_spike:alpha=1,top_spike,0.5,0.52578125,1.96875,7.937253933193772,63.0,4.1588830833596715,0.0,0,0,0.0,1.0,1.0,0,0
diffuse_low_error,32,scrambled_gibbs:beta=0.25,scrambled_gibbs,0.021579388669464322,0.022165322559344953,0.2250744234369498,0.25502737960099325,0.5337496438870046,0.03245568886957104,0.0,0,0,0.0,0.0,1.0,0,0
diffuse_low_error,32,scrambled_gibbs:beta=0.5,scrambled_gibbs,0.04314242469394875,0.043854917237848026,0.2385281216061494,0.28677810703268,0.7171271015102798,0.04053180029712194,0.0,0,0,0.0,0.0,1.0,0,0
diffuse_low_error,32,scrambled_gibbs:beta=1,scrambled_gibbs,0.0853060372489701,0.08625938084893295,0.3072389371195753,0.38798000237339353,1.1181357220227266,0.0722388924305193,0.0,0,0,0.0,0.0,1.0,0,0
diffuse_low_error,32,scrambled_gibbs:beta=2,scrambled_gibbs,0.16266511378033238,0.16405601957271065,0.5136236077147188,0.6393482863754831,2.033568467792676,0.18822076039982852,0.0,0,0,0.0,0.0,1.0,0,0
diffuse_low_error,32,scrambled_gibbs:beta=4,scrambled_gibbs,0.2778321659953857,0.2799679856212711,0.8646431605912726,1.12190045671573,4.0954904955343086,0.5278481665053192,0.0,0,0,0.0,0.0,1.0,0,0
diffuse_low_error,128,gibbs:beta=0.25,gibbs,0.021471632023217117,0.02156840220168199,0.06342879050940115,0.07326596045750301,0.1301095833339332,0.002682512429857056,1.0,0,0,0.0,0.0,1.0,0,0
diffuse_low_error,128,gibbs:beta=0.5,gibbs,0.04280564725180789,0.04299129874815887,0.12651637842990374,0.1462966550639766,0.27032867184385356,0.010678487341751097,1.0,0,0,0.0,0.0,1.0,0,0
diffuse_low_error,128,gibbs:beta=1,gibbs,0.08453507378378847,0.08487573013898489,0.2503850231480972,0.29074610732671685,0.5799203552942171,0.041909511510501075,0.009521484375,0,0,0.0,0.0,1.0,0,0
diffuse_low_error,128,gibbs:beta=2,gibbs,0.16117848605081797,0.16174912935303898,0.481215813521801,0.5677410518307096,1.3015875414297935,0.15595609233809976,0.0,0,0,0.0,0.0,1.0,0,0
diffuse_low_error,128,gibbs:beta=4,gibbs,0.27561965554674756,0.2764464712100259,0.8440637696359343,1.049813511172201,3.0060390399686208,0.49028160475722493,0.0,0,0,0.0,0.0,1.0,0,0
diffuse_low_error,128,best_of_n:n=2,best_of_n,0.16927083333333331,0.17006429036458334,0.5,0.577279787559724,0.984375,0.1930159387641344,1.0,0,0,0.0,0.0,1.0,0,0
diffuse_low_error,128,best_of_n:n=4,best_of_n,0.3046792348225911,0.3055332471927007,0.94482421875,1.1336350504831605,2.9072227478027344,0.6361112836707075,0.0,0,0,0.0,0.0,1.0,0,0
diffuse_low_error,128,best_of_n:n=8,best_of_n,0.39489641273344966,0.39601153343446527,1.299774169921875,1.8060353333779144,6.5759081580906695,1.2037770968452264,0.0,0,0,0.0,1.0,1.0,0,0
diffuse_low_error,128,best_of_n:n=16,best_of_n,0.4478488661920985,0.4499933327592194,1.5583992124237862,2.686606948982354,13.255029059621577,1.8324760994551474,0.0,0,0,0.0,1.0,1.0,0,0
diffuse_low_error,128,best_of_n:n=32,best_of_n,0.47649359249269596,0.4821277852049132,1.732129111956439,3.8643211655346548,24.334966658451663,2.486615532998487,0.0,0,0,0.0,1.0,1.0,0,0
diffuse_low_error,128,top_spike:alpha=0.1,top_spike,0.05,0.05257812500000002,0.196875,0.7937253933193773,6.300000000000001,0.13339908599574957,0.0,0,0,0.0,0.0,1.0,0,0
diffuse_low_error,128,top_spike:alpha=0.25,top_spike,0.125,0.1314453125,0.4921875,1.984313483298443,15.75,0.5252373891045917,0.0,0,0,0.0,0.0,1.0,0,0
diffuse_low_error,128,top_spike:alpha=0.5,top_spike,0.25,0.262890625,0.984375,3.968626966596886,31.5,1.426658854933933,0.0,0,0,0.0,0.0,1.0,0,0
diffuse_low_error,128,top_spike:alpha=0.75,top_spike,0.37499999999999994,0.39433593750000007,1.4765625,5.952940449895329,47.25,2.581280664109183,0.0,0,0,0.0,1.0,1.0,0,0
diffuse_low_error,128,top_spike:alpha=1,top_spike,0.5,0.52578125,1.96875,7.937253933193772,63.0,4.1588830833596715,0.0,0,0,0.0,1.0,1.0,0,0
diffuse_low_error,128,scrambled_gibbs:beta=0.25,scrambled_gibbs,0.021579388669464322,0.022165322559344953,0.2250744234369498,0.25502737960099325,0.5337496438870046,0.03245568886957104,0.0,0,0,0.0,0.0,1.0,0,0
diffuse_low_error,128,scrambled_gibbs:beta=0.5,scrambled_gibbs,0.04314242469394875,0.043854917237848026,0.2385281216061494,0.28677810703268,0.7171271015102798,0.04053180029712194,0.0,0,0,0.0,0.0,1.0,0,0
diffuse_low_error,128,scrambled_gibbs:beta=1,scrambled_gibbs,0.0853060372489701,0.08625938084893295,0.3072389371195753,0.38798000237339353,1.1181357220227266,0.0722388924305193,0.0,0,0,0.0,0.0,1.0,0,0
diffuse_low_error,128,scrambled_gibbs:beta=2,scrambled_gibbs,0.16266511378033238,0.16405601957271065,0.5136236077147188,0.6393482863754831,2.033568467792676,0.18822076039982852,0.0,0,0,0.0,0.0,1.0,0,0
diffuse_low_error,128,scrambled_gibbs:beta=4,scrambled_gibbs,0.2778321659953857,0.2799679856212711,0.8646431605912726,1.12190045671573,4.0954904955343086,0.5278481665053192,0.0,0,0,0.0,0.0,1.0,0,0
diffuse_low_error,512,gibbs:beta=0.25,gibbs,0.021471632023217117,0.02156840220168199,0.06342879050940115,0.07326596045750301,0.1301095833339332,0.002682512429857056,1.0,0,0,0.0,0.0,1.0,0,0
diffuse_low_error,512,gibbs:beta=0.5,gibbs,0.04280564725180789,0.04299129874815887,0.12651637842990374,0.1462966550639766,0.27032867184385356,0.010678487341751097,1.0,0,0,0.0,0.0,1.0,0,0
diffuse_low_error,512,gibbs:beta=1,gibbs,0.08453507378378847,0.08487573013898489,0.2503850231480972,0.29074610732671685,0.5799203552942171,0.041909511510501075,1.0,0,0,0.0,0.0,1.0,0,0
diffuse_low_error,512,gibbs:beta=2,gibbs,0.16117848605081797,0.16174912935303898,0.481215813521801,0.5677410518307096,1.3015875414297935,0.15595609233809976,1.0,0,0,0.0,0.0,1.0,0,0
diffuse_low_error,512,gibbs:beta=4,gibbs,0.27561965554674756,0.2764464712100259,0.8440637696359343,1.049813511172201,3.0060390399686208,0.49028160475722493,1.0,0,0,0.0,1.0,1.0,0,0
diffuse_low_error,512,best_of_n:n=2,best_of_n,0.16927083333333331,0.17006429036458334,0.5,0.577279787559724,0.984375,0.1930159387641344,1.0,0,0,0.0,0.0,1.0,0,0
diffuse_low_error,512,best_of_n:n=4,best_of_n,0.3046792348225911,0.3055332471927007,0.94482421875,1.1336350504831605,2.9072227478027344,0.6361112836707075,1.0,0,0,0.0,1.0,1.0,0,0
diffuse_low_error,512,best_of_n:n=8,best_of_n,0.39489641273344966,0.39601153343446527,1.299774169921875,1.8060353333779144,6.5759081580906695,1.2037770968452264,0.0,0,0,0.0,1.0,1.0,0,0
diffuse_low_error,512,best_of_n:n=16,best_of_n,0.4478488661920985,0.4499933327592194,1.5583992124237862,2.686606948982354,13.255029059621577,1.8324760994551474,0.0,0,0,0.0,1.0,1.0,0,0
diffuse_low_error,512,best_of_n:n=32,best_of_n,0.47649359249269596,0.4821277852049132,1.732129111956439,3.8643211655346548,24.334966658451663,2.486615532998487,0.0,0,0,0.0,1.0,1.0,0,0
diffuse_low_error,512,top_spike:alpha=0.1,top_spike,0.05,0.05257812500000002,0.196875,0.7937253933193773,6.300000000000001,0.13339908599574957,0.0,0,0,0.0,0.0,1.0,0,0
diffuse_low_error,512,top_spike:alpha=0.25,top_spike,0.125,0.1314453125,0.4921875,1.984313483298443,15.75,0.5252373891045917,0.0,0,0,0.0,0.0,1.0,0,0
diffuse_low_error,512,top_spike:alpha=0.5,top_spike,0.25,0.262890625,0.984375,3.968626966596886,31.5,1.426658854933933,0.0,0,0,0.0,1.0,1.0,0,0
diffuse_low_error,512,top_spike:alpha=0.75,top_spike,0.37499999999999994,0.39433593750000007,1.4765625,5.952940449895329,47.25,2.581280664109183,0.0,0,0,0.0,1.0,1.0,0,0
diffuse_low_error,512,top_spike:alpha=1,top_spike,0.5,0.52578125,1.96875,7.937253933193772,63.0,4.1588830833596715,0.0,0,0,0.0,1.0,1.0,0,0
diffuse_low_error,512,scrambled_gibbs:beta=0.25,scrambled_gibbs,0.021579388669464322,0.022165322559344953,0.2250744234369498,0.25502737960099325,0.5337496438870046,0.03245568886957104,0.0,0,0,0.0,0.0,1.0,0,0
diffuse_low_error,512,scrambled_gibbs:beta=0.5,scrambled_gibbs,0.04314242469394875,0.043854917237848026,0.2385281216061494,0.28677810703268,0.7171271015102798,0.04053180029712194,0.0,0,0,0.0,0.0,1.0,0,0
diffuse_low_error,512,scrambled_gibbs:beta=1,scrambled_gibbs,0.0853060372489701,0.08625938084893295,0.3072389371195753,0.38798000237339353,1.1181357220227266,0.0722388924305193,0.0,0,0,0.0,0.0,1.0,0,0
diffuse_low_error,512,scrambled_gibbs:beta=2,scrambled_gibbs,0.16266511378033238,0.16405601957271065,0.5136236077147188,0.6393482863754831,2.033568467792676,0.18822076039982852,1.0,0,0,0.0,0.0,1.0,0,0
diffuse_low_error,512,scrambled_gibbs:beta=4,scrambled_gibbs,0.2778321659953857,0.2799679856212711,0.8646431605912726,1.12190045671573,4.0954904955343086,0.5278481665053192,0.953369140625,0,0,0.0,1.0,1.0,0,0
heteroskedastic_proxy_coupled,32,gibbs:beta=0.25,gibbs,0.021471632023217117,0.014925222198070135,0.06342879050940115,0.07326596045750301,0.1301095833339332,0.002682512429857056,0.0,0,0,0.0,0.0,1.0,0,0
heteroskedastic_proxy_coupled,32,gibbs:beta=0.5,gibbs,0.04280564725180789,0.029644491987264356,0.12651637842990374,0.1462966550639766,0.27032867184385356,0.010678487341751097,0.0,0,0,0.0,0.0,1.0,0,0
heteroskedastic_proxy_coupled,32,gibbs:beta=1,gibbs,0.08453507378378847,0.05811095073623798,0.2503850231480972,0.29074610732671685,0.5799203552942171,0.041909511510501075,0.0,0,0,0.0,0.0,1.0,0,0
heteroskedastic_proxy_coupled,32,gibbs:beta=2,gibbs,0.16117848605081797,0.10919845325658403,0.481215813521801,0.5677410518307096,1.3015875414297935,0.15595609233809976,0.0,0,0,0.0,0.0,1.0,0,0
heteroskedastic_proxy_coupled,32,gibbs:beta=4,gibbs,0.27561965554674756,0.1819099090294189,0.8440637696359343,1.049813511172201,3.0060390399686208,0.49028160475722493,0.0,0,0,0.0,0.0,1.0,0,0
heteroskedastic_proxy_coupled,32,best_of_n:n=2,best_of_n,0.16927083333333331,0.11809895833333332,0.5,0.577279787559724,0.984375,0.1930159387641344,0.0,0,0,0.0,0.0,1.0,0,0
heteroskedastic_proxy_coupled,32,best_of_n:n=4,best_of_n,0.3046792348225911,0.20218692507062638,0.94482421875,1.1336350504831605,2.9072227478027344,0.6361112836707075,0.0,0,0,0.0,0.0,1.0,0,0
heteroskedastic_proxy_coupled,32,best_of_n:n=8,best_of_n,0.39489641273344966,0.2508241461119017,1.299774169921875,1.8060353333779144,6.5759081580906695,1.2037770968452264,0.0,0,0,0.0,0.0,1.0,0,0
heteroskedastic_proxy_coupled,32,best_of_n:n=16,best_of_n,0.4478488661920985,0.27505887206102386,1.5583992124237862,2.686606948982354,13.255029059621577,1.8324760994551474,0.0,0,0,0.0,0.0,1.0,0,0
heteroskedastic_proxy_coupled,32,best_of_n:n=32,best_of_n,0.47649359249269596,0.2848295501955307,1.732129111956439,3.8643211655346548,24.334966658451663,2.486615532998487,0.0,0,0,0.0,0.0,1.0,0,0
heteroskedastic_proxy_coupled,32,top_spike:alpha=0.1,top_spike,0.05,0.02757936507936508,0.196875,0.7937253933193773,6.300000000000001,0.13339908599574957,0.0,0,0,0.0,0.0,1.0,0,0
heteroskedastic_proxy_coupled,32,top_spike:alpha=0.25,top_spike,0.125,0.0689484126984127,0.4921875,1.984313483298443,15.75,0.5252373891045917,0.0,0,0,0.0,0.0,1.0,0,0
heteroskedastic_proxy_coupled,32,top_spike:alpha=0.5,top_spike,0.25,0.1378968253968254,0.984375,3.968626966596886,31.5,1.426658854933933,0.0,0,0,0.0,0.0,1.0,0,0
heteroskedastic_proxy_coupled,32,top_spike:alpha=0.75,top_spike,0.37499999999999994,0.2068452380952381,1.4765625,5.952940449895329,47.25,2.581280664109183,0.0,0,0,0.0,0.0,1.0,0,0
heteroskedastic_proxy_coupled,32,top_spike:alpha=1,top_spike,0.5,0.2757936507936508,1.96875,7.937253933193772,63.0,4.1588830833596715,0.0,0,0,0.0,0.013427734375,1.0,0,0
heteroskedastic_proxy_coupled,32,scrambled_gibbs:beta=0.25,scrambled_gibbs,0.021579388669464322,0.014823439770433633,0.2250744234369498,0.25502737960099325,0.5337496438870046,0.03245568886957104,0.0,0,0,0.0,0.0,1.0,0,0
heteroskedastic_proxy_coupled,32,scrambled_gibbs:beta=0.5,scrambled_gibbs,0.04314242469394875,0.02970489210381358,0.2385281216061494,0.28677810703268,0.7171271015102798,0.04053180029712194,0.0,0,0,0.0,0.0,1.0,0,0
heteroskedastic_proxy_coupled,32,scrambled_gibbs:beta=1,scrambled_gibbs,0.0853060372489701,0.05848344209119951,0.3072389371195753,0.38798000237339353,1.1181357220227266,0.0722388924305193,0.0,0,0,0.0,0.0,1.0,0,0
heteroskedastic_proxy_coupled,32,scrambled_gibbs:beta=2,scrambled_gibbs,0.16266511378033238,0.1101062834444071,0.5136236077147188,0.6393482863754831,2.033568467792676,0.18822076039982852,0.0,0,0,0.0,0.0,1.0,0,0
heteroskedastic_proxy_coupled,32,scrambled_gibbs:beta=4,scrambled_gibbs,0.2778321659953857,0.18345874253479272,0.8646431605912726,1.12190045671573,4.0954904955343086,0.5278481665053192,0.0,0,0,0.0,0.0,1.0,0,0
heteroskedastic_proxy_coupled,128,gibbs:beta=0.25,gibbs,0.021471632023217117,0.014925222198070135,0.06342879050940115,0.07326596045750301,0.1301095833339332,0.002682512429857056,0.0,0,0,0.0,0.0,1.0,0,0
heteroskedastic_proxy_coupled,128,gibbs:beta=0.5,gibbs,0.04280564725180789,0.029644491987264356,0.12651637842990374,0.1462966550639766,0.27032867184385356,0.010678487341751097,0.0,0,0,0.0,0.0,1.0,0,0
heteroskedastic_proxy_coupled,128,gibbs:beta=1,gibbs,0.08453507378378847,0.05811095073623798,0.2503850231480972,0.29074610732671685,0.5799203552942171,0.041909511510501075,0.0,0,0,0.0,0.0,1.0,0,0
heteroskedastic_proxy_coupled,128,gibbs:beta=2,gibbs,0.16117848605081797,0.10919845325658403,0.481215813521801,0.5677410518307096,1.3015875414297935,0.15595609233809976,0.0,0,0,0.0,0.0,1.0,0,0
heteroskedastic_proxy_coupled,128,gibbs:beta=4,gibbs,0.27561965554674756,0.1819099090294189,0.8440637696359343,1.049813511172201,3.0060390399686208,0.49028160475722493,0.0,0,0,0.0,0.0,1.0,0,0
heteroskedastic_proxy_coupled,128,best_of_n:n=2,best_of_n,0.16927083333333331,0.11809895833333332,0.5,0.577279787559724,0.984375,0.1930159387641344,0.0,0,0,0.0,0.0,1.0,0,0
heteroskedastic_proxy_coupled,128,best_of_n:n=4,best_of_n,0.3046792348225911,0.20218692507062638,0.94482421875,1.1336350504831605,2.9072227478027344,0.6361112836707075,0.0,0,0,0.0,0.0,1.0,0,0
heteroskedastic_proxy_coupled,128,best_of_n:n=8,best_of_n,0.39489641273344966,0.2508241461119017,1.299774169921875,1.8060353333779144,6.5759081580906695,1.2037770968452264,0.0,0,0,0.0,1.0,1.0,0,0
heteroskedastic_proxy_coupled,128,best_of_n:n=16,best_of_n,0.4478488661920985,0.27505887206102386,1.5583992124237862,2.686606948982354,13.255029059621577,1.8324760994551474,0.0,0,0,0.0,1.0,1.0,0,0
heteroskedastic_proxy_coupled,128,best_of_n:n=32,best_of_n,0.47649359249269596,0.2848295501955307,1.732129111956439,3.8643211655346548,24.334966658451663,2.486615532998487,0.0,0,0,0.0,1.0,1.0,0,0
heteroskedastic_proxy_coupled,128,top_spike:alpha=0.1,top_spike,0.05,0.02757936507936508,0.196875,0.7937253933193773,6.300000000000001,0.13339908599574957,0.0,0,0,0.0,0.0,1.0,0,0
heteroskedastic_proxy_coupled,128,top_spike:alpha=0.25,top_spike,0.125,0.0689484126984127,0.4921875,1.984313483298443,15.75,0.5252373891045917,0.0,0,0,0.0,0.0,1.0,0,0
heteroskedastic_proxy_coupled,128,top_spike:alpha=0.5,top_spike,0.25,0.1378968253968254,0.984375,3.968626966596886,31.5,1.426658854933933,0.0,0,0,0.0,0.0,1.0,0,0
heteroskedastic_proxy_coupled,128,top_spike:alpha=0.75,top_spike,0.37499999999999994,0.2068452380952381,1.4765625,5.952940449895329,47.25,2.581280664109183,0.0,0,0,0.0,0.72998046875,1.0,0,0
heteroskedastic_proxy_coupled,128,top_spike:alpha=1,top_spike,0.5,0.2757936507936508,1.96875,7.937253933193772,63.0,4.1588830833596715,0.0,0,0,0.0,1.0,1.0,0,0
heteroskedastic_proxy_coupled,128,scrambled_gibbs:beta=0.25,scrambled_gibbs,0.021579388669464322,0.014823439770433633,0.2250744234369498,0.25502737960099325,0.5337496438870046,0.03245568886957104,0.0,0,0,0.0,0.0,1.0,0,0
heteroskedastic_proxy_coupled,128,scrambled_gibbs:beta=0.5,scrambled_gibbs,0.04314242469394875,0.02970489210381358,0.2385281216061494,0.28677810703268,0.7171271015102798,0.04053180029712194,0.0,0,0,0.0,0.0,1.0,0,0
heteroskedastic_proxy_coupled,128,scrambled_gibbs:beta=1,scrambled_gibbs,0.0853060372489701,0.05848344209119951,0.3072389371195753,0.38798000237339353,1.1181357220227266,0.0722388924305193,0.0,0,0,0.0,0.0,1.0,0,0
heteroskedastic_proxy_coupled,128,scrambled_gibbs:beta=2,scrambled_gibbs,0.16266511378033238,0.1101062834444071,0.5136236077147188,0.6393482863754831,2.033568467792676,0.18822076039982852,0.0,0,0,0.0,0.0,1.0,0,0
heteroskedastic_proxy_coupled,128,scrambled_gibbs:beta=4,scrambled_gibbs,0.2778321659953857,0.18345874253479272,0.8646431605912726,1.12190045671573,4.0954904955343086,0.5278481665053192,0.0,0,0,0.0,0.0,1.0,0,0
heteroskedastic_proxy_coupled,512,gibbs:beta=0.25,gibbs,0.021471632023217117,0.014925222198070135,0.06342879050940115,0.07326596045750301,0.1301095833339332,0.002682512429857056,1.0,0,0,0.0,0.0,1.0,0,0
heteroskedastic_proxy_coupled,512,gibbs:beta=0.5,gibbs,0.04280564725180789,0.029644491987264356,0.12651637842990374,0.1462966550639766,0.27032867184385356,0.010678487341751097,1.0,0,0,0.0,0.0,1.0,0,0
heteroskedastic_proxy_coupled,512,gibbs:beta=1,gibbs,0.08453507378378847,0.05811095073623798,0.2503850231480972,0.29074610732671685,0.5799203552942171,0.041909511510501075,1.0,0,0,0.0,0.0,1.0,0,0
heteroskedastic_proxy_coupled,512,gibbs:beta=2,gibbs,0.16117848605081797,0.10919845325658403,0.481215813521801,0.5677410518307096,1.3015875414297935,0.15595609233809976,0.88525390625,0,0,0.0,0.0,1.0,0,0
heteroskedastic_proxy_coupled,512,gibbs:beta=4,gibbs,0.27561965554674756,0.1819099090294189,0.8440637696359343,1.049813511172201,3.0060390399686208,0.49028160475722493,0.0,0,0,0.0,0.001708984375,1.0,0,0
heteroskedastic_proxy_coupled,512,best_of_n:n=2,best_of_n,0.16927083333333331,0.11809895833333332,0.5,0.577279787559724,0.984375,0.1930159387641344,1.0,0,0,0.0,0.0,1.0,0,0
heteroskedastic_proxy_coupled,512,best_of_n:n=4,best_of_n,0.3046792348225911,0.20218692507062638,0.94482421875,1.1336350504831605,2.9072227478027344,0.6361112836707075,0.0,0,0,0.0,1.0,1.0,0,0
heteroskedastic_proxy_coupled,512,best_of_n:n=8,best_of_n,0.39489641273344966,0.2508241461119017,1.299774169921875,1.8060353333779144,6.5759081580906695,1.2037770968452264,0.0,0,0,0.0,1.0,1.0,0,0
heteroskedastic_proxy_coupled,512,best_of_n:n=16,best_of_n,0.4478488661920985,0.27505887206102386,1.5583992124237862,2.686606948982354,13.255029059621577,1.8324760994551474,0.0,0,0,0.0,1.0,1.0,0,0
heteroskedastic_proxy_coupled,512,best_of_n:n=32,best_of_n,0.47649359249269596,0.2848295501955307,1.732129111956439,3.8643211655346548,24.334966658451663,2.486615532998487,0.0,0,0,0.0,1.0,1.0,0,0
heteroskedastic_proxy_coupled,512,top_spike:alpha=0.1,top_spike,0.05,0.02757936507936508,0.196875,0.7937253933193773,6.300000000000001,0.13339908599574957,0.0,0,0,0.0,0.0,1.0,0,0
heteroskedastic_proxy_coupled,512,top_spike:alpha=0.25,top_spike,0.125,0.0689484126984127,0.4921875,1.984313483298443,15.75,0.5252373891045917,0.0,0,0,0.0,0.0,1.0,0,0
heteroskedastic_proxy_coupled,512,top_spike:alpha=0.5,top_spike,0.25,0.1378968253968254,0.984375,3.968626966596886,31.5,1.426658854933933,0.0,0,0,0.0,0.0,1.0,0,0
heteroskedastic_proxy_coupled,512,top_spike:alpha=0.75,top_spike,0.37499999999999994,0.2068452380952381,1.4765625,5.952940449895329,47.25,2.581280664109183,0.0,0,0,0.0,1.0,1.0,0,0
heteroskedastic_proxy_coupled,512,top_spike:alpha=1,top_spike,0.5,0.2757936507936508,1.96875,7.937253933193772,63.0,4.1588830833596715,0.0,0,0,0.0,1.0,1.0,0,0
heteroskedastic_proxy_coupled,512,scrambled_gibbs:beta=0.25,scrambled_gibbs,0.021579388669464322,0.014823439770433633,0.2250744234369498,0.25502737960099325,0.5337496438870046,0.03245568886957104,0.0,0,0,0.0,0.0,1.0,0,0
heteroskedastic_proxy_coupled,512,scrambled_gibbs:beta=0.5,scrambled_gibbs,0.04314242469394875,0.02970489210381358,0.2385281216061494,0.28677810703268,0.7171271015102798,0.04053180029712194,0.0,0,0,0.0,0.0,1.0,0,0
heteroskedastic_proxy_coupled,512,scrambled_gibbs:beta=1,scrambled_gibbs,0.0853060372489701,0.05848344209119951,0.3072389371195753,0.38798000237339353,1.1181357220227266,0.0722388924305193,0.0,0,0,0.0,0.0,1.0,0,0
heteroskedastic_proxy_coupled,512,scrambled_gibbs:beta=2,scrambled_gibbs,0.16266511378033238,0.1101062834444071,0.5136236077147188,0.6393482863754831,2.033568467792676,0.18822076039982852,0.0,0,0,0.0,0.0,1.0,0,0
heteroskedastic_proxy_coupled,512,scrambled_gibbs:beta=4,scrambled_gibbs,0.2778321659953857,0.18345874253479272,0.8646431605912726,1.12190045671573,4.0954904955343086,0.5278481665053192,0.0,0,0,0.0,0.03662109375,1.0,0,0
rare_top_tail,32,gibbs:beta=0.25,gibbs,0.021471632023217117,0.017475639976165542,0.06342879050940115,0.07326596045750301,0.1301095833339332,0.002682512429857056,0.0,0,0,0.0,0.0,1.0,0,0
rare_top_tail,32,gibbs:beta=0.5,gibbs,0.04280564725180789,0.034514783622086334,0.12651637842990374,0.1462966550639766,0.27032867184385356,0.010678487341751097,0.0,0,0,0.0,0.0,1.0,0,0
rare_top_tail,32,gibbs:beta=1,gibbs,0.08453507378378847,0.06680131451283838,0.2503850231480972,0.29074610732671685,0.5799203552942171,0.041909511510501075,0.0,0,0,0.0,0.0,1.0,0,0
rare_top_tail,32,gibbs:beta=2,gibbs,0.16117848605081797,0.121627604523523,0.481215813521801,0.5677410518307096,1.3015875414297935,0.15595609233809976,0.0,0,0,0.0,0.0,1.0,0,0
rare_top_tail,32,gibbs:beta=4,gibbs,0.27561965554674756,0.1855316424558904,0.8440637696359343,1.049813511172201,3.0060390399686208,0.49028160475722493,0.0,0,0,0.0,0.0,1.0,0,0
rare_top_tail,32,best_of_n:n=2,best_of_n,0.16927083333333331,0.13899739583333331,0.5,0.577279787559724,0.984375,0.1930159387641344,0.0,0,0,0.0,0.0,1.0,0,0
rare_top_tail,32,best_of_n:n=4,best_of_n,0.3046792348225911,0.21666749318440753,0.94482421875,1.1336350504831605,2.9072227478027344,0.6361112836707075,0.0,0,0,0.0,0.0,1.0,0,0
rare_top_tail,32,best_of_n:n=8,best_of_n,0.39489641273344966,0.20184629247565528,1.299774169921875,1.8060353333779144,6.5759081580906695,1.2037770968452264,0.0,0,0,0.0,0.0,1.0,0,0
rare_top_tail,32,best_of_n:n=16,best_of_n,0.4478488661920985,0.08080916962417083,1.5583992124237862,2.686606948982354,13.255029059621577,1.8324760994551474,0.0,0,0,0.0,0.0,1.0,0,0
rare_top_tail,32,best_of_n:n=32,best_of_n,0.47649359249269596,-0.13020111825098749,1.732129111956439,3.8643211655346548,24.334966658451663,2.486615532998487,0.0,0,0,0.0,0.0,1.0,0,4096
rare_top_tail,32,top_spike:alpha=0.1,top_spike,0.05,-0.04687500000000001,0.196875,0.7937253933193773,6.300000000000001,0.13339908599574957,0.0,0,0,0.0,0.0,1.0,0,4096
rare_top_tail,32,top_spike:alpha=0.25,top_spike,0.125,-0.1171875,0.4921875,1.984313483298443,15.75,0.5252373891045917,0.0,0,0,0.0,0.0,1.0,0,4096
rare_top_tail,32,top_spike:alpha=0.5,top_spike,0.25,-0.234375,0.984375,3.968626966596886,31.5,1.426658854933933,0.0,0,0,0.0,0.0,1.0,0,4096
rare_top_tail,32,top_spike:alpha=0.75,top_spike,0.37499999999999994,-0.35156250000000006,1.4765625,5.952940449895329,47.25,2.581280664109183,0.0,0,0,0.0,0.0,1.0,0,4096
rare_top_tail,32,top_spike:alpha=1,top_spike,0.5,-0.46875,1.96875,7.937253933193772,63.0,4.1588830833596715,0.0,0,0,0.0,0.34375,1.0,1408,4096
rare_top_tail,32,scrambled_gibbs:beta=0.25,scrambled_gibbs,0.021579388669464322,0.011109281660139098,0.2250744234369498,0.25502737960099325,0.5337496438870046,0.03245568886957104,0.0,0,0,0.0,0.0,1.0,0,0
rare_top_tail,32,scrambled_gibbs:beta=0.5,scrambled_gibbs,0.04314242469394875,0.02760515963134848,0.2385281216061494,0.28677810703268,0.7171271015102798,0.04053180029712194,0.0,0,0,0.0,0.0,1.0,0,0
rare_top_tail,32,scrambled_gibbs:beta=1,scrambled_gibbs,0.0853060372489701,0.058646169087824544,0.3072389371195753,0.38798000237339353,1.1181357220227266,0.0722388924305193,0.0,0,0,0.0,0.0,1.0,0,0
rare_top_tail,32,scrambled_gibbs:beta=2,scrambled_gibbs,0.16266511378033238,0.11040869723412593,0.5136236077147188,0.6393482863754831,2.033568467792676,0.18822076039982852,0.0,0,0,0.0,0.0,1.0,0,0
rare_top_tail,32,scrambled_gibbs:beta=4,scrambled_gibbs,0.2778321659953857,0.1668600383182817,0.8646431605912726,1.12190045671573,4.0954904955343086,0.5278481665053192,0.0,0,0,0.0,0.0,1.0,0,0
rare_top_tail,128,gibbs:beta=0.25,gibbs,0.021471632023217117,0.017475639976165542,0.06342879050940115,0.07326596045750301,0.1301095833339332,0.002682512429857056,0.795654296875,0,0,0.0,0.0,1.0,0,0
rare_top_tail,128,gibbs:beta=0.5,gibbs,0.04280564725180789,0.034514783622086334,0.12651637842990374,0.1462966550639766,0.27032867184385356,0.010678487341751097,0.6337890625,0,0,0.0,0.0,1.0,0,0
rare_top_tail,128,gibbs:beta=1,gibbs,0.08453507378378847,0.06680131451283838,0.2503850231480972,0.29074610732671685,0.5799203552942171,0.041909511510501075,0.427978515625,0,0,0.0,0.0,1.0,0,0
rare_top_tail,128,gibbs:beta=2,gibbs,0.16117848605081797,0.121627604523523,0.481215813521801,0.5677410518307096,1.3015875414297935,0.15595609233809976,0.019287109375,0,0,0.0,0.0,1.0,0,0
rare_top_tail,128,gibbs:beta=4,gibbs,0.27561965554674756,0.1855316424558904,0.8440637696359343,1.049813511172201,3.0060390399686208,0.49028160475722493,0.0,0,0,0.0,0.0,1.0,0,0
rare_top_tail,128,best_of_n:n=2,best_of_n,0.16927083333333331,0.13899739583333331,0.5,0.577279787559724,0.984375,0.1930159387641344,0.89404296875,0,0,0.0,0.0,1.0,0,0
rare_top_tail,128,best_of_n:n=4,best_of_n,0.3046792348225911,0.21666749318440753,0.94482421875,1.1336350504831605,2.9072227478027344,0.6361112836707075,0.0,0,0,0.0,0.0,1.0,0,0
rare_top_tail,128,best_of_n:n=8,best_of_n,0.39489641273344966,0.20184629247565528,1.299774169921875,1.8060353333779144,6.5759081580906695,1.2037770968452264,0.0,0,0,0.0,0.6337890625,1.0,0,0
rare_top_tail,128,best_of_n:n=16,best_of_n,0.4478488661920985,0.08080916962417083,1.5583992124237862,2.686606948982354,13.255029059621577,1.8324760994551474,0.0,0,0,0.0,0.997802734375,1.0,0,0
rare_top_tail,128,best_of_n:n=32,best_of_n,0.47649359249269596,-0.13020111825098749,1.732129111956439,3.8643211655346548,24.334966658451663,2.486615532998487,0.0,0,0,0.0,0.999755859375,1.0,4095,4096
rare_top_tail,128,top_spike:alpha=0.1,top_spike,0.05,-0.04687500000000001,0.196875,0.7937253933193773,6.300000000000001,0.13339908599574957,0.0,0,0,0.0,0.0,1.0,0,4096
rare_top_tail,128,top_spike:alpha=0.25,top_spike,0.125,-0.1171875,0.4921875,1.984313483298443,15.75,0.5252373891045917,0.0,0,0,0.0,0.0,1.0,0,4096
rare_top_tail,128,top_spike:alpha=0.5,top_spike,0.25,-0.234375,0.984375,3.968626966596886,31.5,1.426658854933933,0.0,0,0,0.0,0.0,1.0,0,4096
rare_top_tail,128,top_spike:alpha=0.75,top_spike,0.37499999999999994,-0.35156250000000006,1.4765625,5.952940449895329,47.25,2.581280664109183,0.0,0,0,0.0,0.234375,1.0,960,4096
rare_top_tail,128,top_spike:alpha=1,top_spike,0.5,-0.46875,1.96875,7.937253933193772,63.0,4.1588830833596715,0.0,0,0,0.0,1.0,1.0,4096,4096
rare_top_tail,128,scrambled_gibbs:beta=0.25,scrambled_gibbs,0.021579388669464322,0.011109281660139098,0.2250744234369498,0.25502737960099325,0.5337496438870046,0.03245568886957104,0.0,0,0,0.0,0.0,1.0,0,0
rare_top_tail,128,scrambled_gibbs:beta=0.5,scrambled_gibbs,0.04314242469394875,0.02760515963134848,0.2385281216061494,0.28677810703268,0.7171271015102798,0.04053180029712194,0.0,0,0,0.0,0.0,1.0,0,0
rare_top_tail,128,scrambled_gibbs:beta=1,scrambled_gibbs,0.0853060372489701,0.058646169087824544,0.3072389371195753,0.38798000237339353,1.1181357220227266,0.0722388924305193,0.0,0,0,0.0,0.0,1.0,0,0
rare_top_tail,128,scrambled_gibbs:beta=2,scrambled_gibbs,0.16266511378033238,0.11040869723412593,0.5136236077147188,0.6393482863754831,2.033568467792676,0.18822076039982852,0.0,0,0,0.0,0.0,1.0,0,0
rare_top_tail,128,scrambled_gibbs:beta=4,scrambled_gibbs,0.2778321659953857,0.1668600383182817,0.8646431605912726,1.12190045671573,4.0954904955343086,0.5278481665053192,0.0,0,0,0.0,0.0,1.0,0,0
rare_top_tail,512,gibbs:beta=0.25,gibbs,0.021471632023217117,0.017475639976165542,0.06342879050940115,0.07326596045750301,0.1301095833339332,0.002682512429857056,1.0,0,0,0.0,0.0,1.0,0,0
rare_top_tail,512,gibbs:beta=0.5,gibbs,0.04280564725180789,0.034514783622086334,0.12651637842990374,0.1462966550639766,0.27032867184385356,0.010678487341751097,1.0,0,0,0.0,0.0,1.0,0,0
rare_top_tail,512,gibbs:beta=1,gibbs,0.08453507378378847,0.06680131451283838,0.2503850231480972,0.29074610732671685,0.5799203552942171,0.041909511510501075,1.0,0,0,0.0,0.0,1.0,0,0
rare_top_tail,512,gibbs:beta=2,gibbs,0.16117848605081797,0.121627604523523,0.481215813521801,0.5677410518307096,1.3015875414297935,0.15595609233809976,0.999755859375,0,0,0.0,0.0,1.0,0,0
rare_top_tail,512,gibbs:beta=4,gibbs,0.27561965554674756,0.1855316424558904,0.8440637696359343,1.049813511172201,3.0060390399686208,0.49028160475722493,0.560791015625,0,0,0.0,0.02099609375,1.0,0,0
rare_top_tail,512,best_of_n:n=2,best_of_n,0.16927083333333331,0.13899739583333331,0.5,0.577279787559724,0.984375,0.1930159387641344,1.0,0,0,0.0,0.0,1.0,0,0
rare_top_tail,512,best_of_n:n=4,best_of_n,0.3046792348225911,0.21666749318440753,0.94482421875,1.1336350504831605,2.9072227478027344,0.6361112836707075,0.943603515625,0,0,0.0,0.560791015625,1.0,0,0
rare_top_tail,512,best_of_n:n=8,best_of_n,0.39489641273344966,0.20184629247565528,1.299774169921875,1.8060353333779144,6.5759081580906695,1.2037770968452264,0.0,0,0,0.0,1.0,1.0,0,0
rare_top_tail,512,best_of_n:n=16,best_of_n,0.4478488661920985,0.08080916962417083,1.5583992124237862,2.686606948982354,13.255029059621577,1.8324760994551474,0.0,0,0,0.0,1.0,1.0,0,0
rare_top_tail,512,best_of_n:n=32,best_of_n,0.47649359249269596,-0.13020111825098749,1.732129111956439,3.8643211655346548,24.334966658451663,2.486615532998487,0.0,0,0,0.0,1.0,1.0,4096,4096
rare_top_tail,512,top_spike:alpha=0.1,top_spike,0.05,-0.04687500000000001,0.196875,0.7937253933193773,6.300000000000001,0.13339908599574957,0.0,0,0,0.0,0.0,1.0,0,4096
rare_top_tail,512,top_spike:alpha=0.25,top_spike,0.125,-0.1171875,0.4921875,1.984313483298443,15.75,0.5252373891045917,0.0,0,0,0.0,0.0,1.0,0,4096
rare_top_tail,512,top_spike:alpha=0.5,top_spike,0.25,-0.234375,0.984375,3.968626966596886,31.5,1.426658854933933,0.0,0,0,0.0,0.0,1.0,0,4096
rare_top_tail,512,top_spike:alpha=0.75,top_spike,0.37499999999999994,-0.35156250000000006,1.4765625,5.952940449895329,47.25,2.581280664109183,0.0,0,0,0.0,1.0,1.0,4096,4096
rare_top_tail,512,top_spike:alpha=1,top_spike,0.5,-0.46875,1.96875,7.937253933193772,63.0,4.1588830833596715,0.0,0,0,0.0,1.0,1.0,4096,4096
rare_top_tail,512,scrambled_gibbs:beta=0.25,scrambled_gibbs,0.021579388669464322,0.011109281660139098,0.2250744234369498,0.25502737960099325,0.5337496438870046,0.03245568886957104,0.0,0,0,0.0,0.0,1.0,0,0
rare_top_tail,512,scrambled_gibbs:beta=0.5,scrambled_gibbs,0.04314242469394875,0.02760515963134848,0.2385281216061494,0.28677810703268,0.7171271015102798,0.04053180029712194,0.0,0,0,0.0,0.0,1.0,0,0
rare_top_tail,512,scrambled_gibbs:beta=1,scrambled_gibbs,0.0853060372489701,0.058646169087824544,0.3072389371195753,0.38798000237339353,1.1181357220227266,0.0722388924305193,0.02099609375,0,0,0.0,0.0,1.0,0,0
rare_top_tail,512,scrambled_gibbs:beta=2,scrambled_gibbs,0.16266511378033238,0.11040869723412593,0.5136236077147188,0.6393482863754831,2.033568467792676,0.18822076039982852,0.076904296875,0,0,0.0,0.0,1.0,0,0
rare_top_tail,512,scrambled_gibbs:beta=4,scrambled_gibbs,0.2778321659953857,0.1668600383182817,0.8646431605912726,1.12190045671573,4.0954904955343086,0.5278481665053192,0.0,0,0,0.0,0.02099609375,1.0,0,0
