error_family,policy_id,optimizer_family,checkpoint,crossing_fraction_descriptive,mean_margin
diffuse_low_error,gibbs:beta=0.25,gibbs,32,0.0,-0.01990681068191777
diffuse_low_error,gibbs:beta=0.25,gibbs,64,0.0,-0.011623315261744246
diffuse_low_error,gibbs:beta=0.25,gibbs,128,0.0,-0.0030616086600751503
diffuse_low_error,gibbs:beta=0.25,gibbs,256,1.0,0.0029876700267201036
diffuse_low_error,gibbs:beta=0.25,gibbs,512,1.0,0.007274311760689235
diffuse_low_error,gibbs:beta=0.25,gibbs,1024,1.0,0.010301367604307568
diffuse_low_error,gibbs:beta=0.25,gibbs,2048,1.0,0.012442149439930585
diffuse_low_error,gibbs:beta=0.25,gibbs,4096,1.0,0.01395514458393114
diffuse_low_error,gibbs:beta=0.25,gibbs,8192,1.0,0.015024937193039094
diffuse_low_error,gibbs:beta=0.25,gibbs,16384,1.0,0.015781124171862736
diffuse_low_error,gibbs:beta=0.25,gibbs,32768,1.0,0.01631663923929014
diffuse_low_error,gibbs:beta=0.25,gibbs,65536,1.0,0.016695448430769096
diffuse_low_error,gibbs:beta=0.25,gibbs,131072,1.0,0.016963063512337645
diffuse_low_error,gibbs:beta=0.25,gibbs,262144,1.0,0.01715236742460706
diffuse_low_error,gibbs:beta=0.25,gibbs,524288,1.0,0.01728614055803627
diffuse_low_error,gibbs:beta=0.25,gibbs,1048576,1.0,0.01746823861713468
diffuse_low_error,gibbs:beta=0.5,gibbs,32,0.0,-0.039818366979588266
diffuse_low_error,gibbs:beta=0.5,gibbs,64,0.0,-0.02592536126417834
diffuse_low_error,gibbs:beta=0.5,gibbs,128,0.0,-0.008167065134169956
diffuse_low_error,gibbs:beta=0.5,gibbs,256,1.0,0.004401520754062609
diffuse_low_error,gibbs:beta=0.5,gibbs,512,1.0,0.013307875973417828
diffuse_low_error,gibbs:beta=0.5,gibbs,1024,1.0,0.019597189679867177
diffuse_low_error,gibbs:beta=0.5,gibbs,2048,1.0,0.024045091944269285
diffuse_low_error,gibbs:beta=0.5,gibbs,4096,1.0,0.027188641845079707
diffuse_low_error,gibbs:beta=0.5,gibbs,8192,1.0,0.029411349871330834
diffuse_low_error,gibbs:beta=0.5,gibbs,16384,1.0,0.03098247950231551
diffuse_low_error,gibbs:beta=0.5,gibbs,32768,1.0,0.03209511911901826
diffuse_low_error,gibbs:beta=0.5,gibbs,65536,1.0,0.0328821709486435
diffuse_low_error,gibbs:beta=0.5,gibbs,131072,1.0,0.03343819478418324
diffuse_low_error,gibbs:beta=0.5,gibbs,262144,1.0,0.03383151150895741
diffuse_low_error,gibbs:beta=0.5,gibbs,524288,1.0,0.03410945193856816
diffuse_low_error,gibbs:beta=0.5,gibbs,1048576,1.0,0.03481171581956032
diffuse_low_error,gibbs:beta=1,gibbs,32,0.0,-0.07966970929194504
diffuse_low_error,gibbs:beta=1,gibbs,64,0.0,-0.053656221083845095
diffuse_low_error,gibbs:beta=1,gibbs,128,0.0,-0.02481371735835364
diffuse_low_error,gibbs:beta=1,gibbs,256,0.9990234375,0.0021489379313517553
diffuse_low_error,gibbs:beta=1,gibbs,512,1.0,0.021255223061803483
diffuse_low_error,gibbs:beta=1,gibbs,1024,1.0,0.03474732145567137
diffuse_low_error,gibbs:beta=1,gibbs,2048,1.0,0.044289147129923004
diffuse_low_error,gibbs:beta=1,gibbs,4096,1.0,0.05103282164631348
diffuse_low_error,gibbs:beta=1,gibbs,8192,1.0,0.05580106772064557
diffuse_low_error,gibbs:beta=1,gibbs,16384,1.0,0.05917152061267246
diffuse_low_error,gibbs:beta=1,gibbs,32768,1.0,0.061558401580316835
diffuse_low_error,gibbs:beta=1,gibbs,65536,1.0,0.06324681803114332
diffuse_low_error,gibbs:beta=1,gibbs,131072,1.0,0.06443962358173068
diffuse_low_error,gibbs:beta=1,gibbs,262144,1.0,0.06528338304393805
diffuse_low_error,gibbs:beta=1,gibbs,524288,1.0,0.06681915492304277
diffuse_low_error,gibbs:beta=1,gibbs,1048576,1.0,0.06864814564352256
diffuse_low_error,gibbs:beta=2,gibbs,32,0.0,-0.15946483095253183
diffuse_low_error,gibbs:beta=2,gibbs,64,0.0,-0.10866819159991511
diffuse_low_error,gibbs:beta=2,gibbs,128,0.0,-0.06599023949112902
diffuse_low_error,gibbs:beta=2,gibbs,256,0.0,-0.02373098821254105
diffuse_low_error,gibbs:beta=2,gibbs,512,1.0,0.019151629136154168
diffuse_low_error,gibbs:beta=2,gibbs,1024,1.0,0.049433627374160294
diffuse_low_error,gibbs:beta=2,gibbs,2048,1.0,0.070849536139425
diffuse_low_error,gibbs:beta=2,gibbs,4096,1.0,0.08598520546687646
diffuse_low_error,gibbs:beta=2,gibbs,8192,1.0,0.09668717450135443
diffuse_low_error,gibbs:beta=2,gibbs,16384,1.0,0.10425190205952498
diffuse_low_error,gibbs:beta=2,gibbs,32768,1.0,0.10960907654391713
diffuse_low_error,gibbs:beta=2,gibbs,65536,1.0,0.11339860004844374
diffuse_low_error,gibbs:beta=2,gibbs,131072,1.0,0.1164918041850402
diffuse_low_error,gibbs:beta=2,gibbs,262144,1.0,0.12208667206726972
diffuse_low_error,gibbs:beta=2,gibbs,524288,1.0,0.126584542556177
diffuse_low_error,gibbs:beta=2,gibbs,1048576,1.0,0.13015601983228353
diffuse_low_error,gibbs:beta=4,gibbs,32,0.0,-0.3172838968240974
diffuse_low_error,gibbs:beta=4,gibbs,64,0.0,-0.22335551496310124
diffuse_low_error,gibbs:beta=4,gibbs,128,0.0,-0.1444394481955293
diffuse_low_error,gibbs:beta=4,gibbs,256,0.0,-0.07817108247838314
diffuse_low_error,gibbs:beta=4,gibbs,512,0.0,-0.02254453741243336
diffuse_low_error,gibbs:beta=4,gibbs,1024,1.0,0.024103431449693773
diffuse_low_error,gibbs:beta=4,gibbs,2048,1.0,0.06700337640294202
diffuse_low_error,gibbs:beta=4,gibbs,4096,1.0,0.10195946767314172
diffuse_low_error,gibbs:beta=4,gibbs,8192,1.0,0.1266758510881495
diffuse_low_error,gibbs:beta=4,gibbs,16384,1.0,0.14587874833614733
diffuse_low_error,gibbs:beta=4,gibbs,32768,1.0,0.16471586920513653
diffuse_low_error,gibbs:beta=4,gibbs,65536,1.0,0.1802561305714383
diffuse_low_error,gibbs:beta=4,gibbs,131072,1.0,0.1929892340881002
diffuse_low_error,gibbs:beta=4,gibbs,262144,1.0,0.20333473909790767
diffuse_low_error,gibbs:beta=4,gibbs,524288,1.0,0.21165177940269359
diffuse_low_error,gibbs:beta=4,gibbs,1048576,1.0,0.21825582025408355
diffuse_low_error,best_of_n:n=2,best_of_n,32,0.0,-0.15675967886104095
diffuse_low_error,best_of_n:n=2,best_of_n,64,0.0,-0.08111686216808936
diffuse_low_error,best_of_n:n=2,best_of_n,128,0.0,-0.016341234423688046
diffuse_low_error,best_of_n:n=2,best_of_n,256,1.0,0.02942602233579962
diffuse_low_error,best_of_n:n=2,best_of_n,512,1.0,0.06185762997569093
diffuse_low_error,best_of_n:n=2,best_of_n,1024,1.0,0.08475954096263254
diffuse_low_error,best_of_n:n=2,best_of_n,2048,1.0,0.10095613513688965
diffuse_low_error,best_of_n:n=2,best_of_n,4096,1.0,0.11240305977312526
diffuse_low_error,best_of_n:n=2,best_of_n,8192,1.0,0.12049683021344602
diffuse_low_error,best_of_n:n=2,best_of_n,16384,1.0,0.12621794266500969
diffuse_low_error,best_of_n:n=2,best_of_n,32768,1.0,0.13026950928286518
diffuse_low_error,best_of_n:n=2,best_of_n,65536,1.0,0.1331354803228696
diffuse_low_error,best_of_n:n=2,best_of_n,131072,1.0,0.13516018587621018
diffuse_low_error,best_of_n:n=2,best_of_n,262144,1.0,0.13659240965147149
diffuse_low_error,best_of_n:n=2,best_of_n,524288,1.0,0.13760450211111305
diffuse_low_error,best_of_n:n=2,best_of_n,1048576,1.0,0.13831988397426764
diffuse_low_error,best_of_n:n=4,best_of_n,32,0.0,-0.33556423829967236
diffuse_low_error,best_of_n:n=4,best_of_n,64,0.0,-0.23413621819932326
diffuse_low_error,best_of_n:n=4,best_of_n,128,0.0,-0.14891915975806036
diffuse_low_error,best_of_n:n=4,best_of_n,256,0.0,-0.07735964817270137
diffuse_low_error,best_of_n:n=4,best_of_n,512,0.0,-0.012536208797098686
diffuse_low_error,best_of_n:n=4,best_of_n,1024,1.0,0.05508619190062644
diffuse_low_error,best_of_n:n=4,best_of_n,2048,1.0,0.10292071331810407
diffuse_low_error,best_of_n:n=4,best_of_n,4096,1.0,0.1367277072938224
diffuse_low_error,best_of_n:n=4,best_of_n,8192,1.0,0.16063159914356856
diffuse_low_error,best_of_n:n=4,best_of_n,16384,1.0,0.1775281561080621
diffuse_low_error,best_of_n:n=4,best_of_n,32768,1.0,0.1894939279284229
diffuse_low_error,best_of_n:n=4,best_of_n,65536,1.0,0.20170148372761215
diffuse_low_error,best_of_n:n=4,best_of_n,131072,1.0,0.21545125194292197
diffuse_low_error,best_of_n:n=4,best_of_n,262144,1.0,0.22662278571464067
diffuse_low_error,best_of_n:n=4,best_of_n,524288,1.0,0.23560389360232525
diffuse_low_error,best_of_n:n=4,best_of_n,1048576,1.0,0.24273522893406332
diffuse_low_error,best_of_n:n=8,best_of_n,32,0.0,-0.6250988087715484
diffuse_low_error,best_of_n:n=8,best_of_n,64,0.0,-0.4635101316944569
diffuse_low_error,best_of_n:n=8,best_of_n,128,0.0,-0.3277477287184229
diffuse_low_error,best_of_n:n=8,best_of_n,256,0.0,-0.21374366161821962
diffuse_low_error,best_of_n:n=8,best_of_n,512,0.0,-0.11804713571747304
diffuse_low_error,best_of_n:n=8,best_of_n,1024,0.0,-0.037796806398273444
diffuse_low_error,best_of_n:n=8,best_of_n,2048,1.0,0.02943490396050233
diffuse_low_error,best_of_n:n=8,best_of_n,4096,1.0,0.08567392738841567
diffuse_low_error,best_of_n:n=8,best_of_n,8192,1.0,0.13262092199016506
diffuse_low_error,best_of_n:n=8,best_of_n,16384,1.0,0.17169804453449578
diffuse_low_error,best_of_n:n=8,best_of_n,32768,1.0,0.20410428193423968
diffuse_low_error,best_of_n:n=8,best_of_n,65536,1.0,0.23083880270272406
diffuse_low_error,best_of_n:n=8,best_of_n,131072,1.0,0.25274405978878745
diffuse_low_error,best_of_n:n=8,best_of_n,262144,1.0,0.2705418375755183
diffuse_low_error,best_of_n:n=8,best_of_n,524288,1.0,0.28484996801937174
diffuse_low_error,best_of_n:n=8,best_of_n,1048576,1.0,0.29621115835818135
diffuse_low_error,best_of_n:n=16,best_of_n,32,0.0,-1.0694671017622825
diffuse_low_error,best_of_n:n=16,best_of_n,64,0.0,-0.8290923678415376
diffuse_low_error,best_of_n:n=16,best_of_n,128,0.0,-0.6271360669292158
diffuse_low_error,best_of_n:n=16,best_of_n,256,0.0,-0.45754684947420676
diffuse_low_error,best_of_n:n=16,best_of_n,512,0.0,-0.31519141116860566
diffuse_low_error,best_of_n:n=16,best_of_n,1024,0.0,-0.19581329689670218
diffuse_low_error,best_of_n:n=16,best_of_n,2048,0.0,-0.09580131102706585
diffuse_low_error,best_of_n:n=16,best_of_n,4096,0.0,-0.012141734520985815
diffuse_low_error,best_of_n:n=16,best_of_n,8192,1.0,0.05769528339327251
diffuse_low_error,best_of_n:n=16,best_of_n,16384,1.0,0.11582530279741991
diffuse_low_error,best_of_n:n=16,best_of_n,32768,1.0,0.16403190262383968
diffuse_low_error,best_of_n:n=16,best_of_n,65536,1.0,0.203801417619975
diffuse_low_error,best_of_n:n=16,best_of_n,131072,1.0,0.23638705690344988
diffuse_low_error,best_of_n:n=16,best_of_n,262144,1.0,0.26286252645522373
diffuse_low_error,best_of_n:n=16,best_of_n,524288,1.0,0.28414689557413003
diffuse_low_error,best_of_n:n=16,best_of_n,1048576,1.0,0.3010474801578593
diffuse_low_error,best_of_n:n=32,best_of_n,32,0.0,-1.2556355194637434
diffuse_low_error,best_of_n:n=32,best_of_n,64,0.0,-1.2556355194637434
diffuse_low_error,best_of_n:n=32,best_of_n,128,0.0,-1.069727015350612
diffuse_low_error,best_of_n:n=32,best_of_n,256,0.0,-0.825795835649731
diffuse_low_error,best_of_n:n=32,best_of_n,512,0.0,-0.6210367682760425
diffuse_low_error,best_of_n:n=32,best_of_n,1024,0.0,-0.4493274775451187
diffuse_low_error,best_of_n:n=32,best_of_n,2048,0.0,-0.305473746373322
diffuse_low_error,best_of_n:n=32,best_of_n,4096,0.0,-0.1851407470432312
diffuse_low_error,best_of_n:n=32,best_of_n,8192,0.0,-0.08468963097427479
diffuse_low_error,best_of_n:n=32,best_of_n,16384,0.0,-0.0010774507774377999
diffuse_low_error,best_of_n:n=32,best_of_n,32768,1.0,0.06826123089993053
diffuse_low_error,best_of_n:n=32,best_of_n,65536,1.0,0.12546430580481233
diffuse_low_error,best_of_n:n=32,best_of_n,131072,1.0,0.17233434595836233
diffuse_low_error,best_of_n:n=32,best_of_n,262144,1.0,0.2104157323685112
diffuse_low_error,best_of_n:n=32,best_of_n,524288,1.0,0.24103042206563888
diffuse_low_error,best_of_n:n=32,best_of_n,1048576,1.0,0.2653396299092172
diffuse_low_error,top_spike:alpha=0.1,top_spike,32,0.0,-0.14687500000000003
diffuse_low_error,top_spike:alpha=0.1,top_spike,64,0.0,-0.14687500000000003
diffuse_low_error,top_spike:alpha=0.1,top_spike,128,0.0,-0.14687500000000003
diffuse_low_error,top_spike:alpha=0.1,top_spike,256,0.0,-0.14687500000000003
diffuse_low_error,top_spike:alpha=0.1,top_spike,512,0.0,-0.14687500000000003
diffuse_low_error,top_spike:alpha=0.1,top_spike,1024,0.0,-0.14016216858814323
diffuse_low_error,top_spike:alpha=0.1,top_spike,2048,0.0,-0.11061484204262909
diffuse_low_error,top_spike:alpha=0.1,top_spike,4096,0.0,-0.08589863623799016
diffuse_low_error,top_spike:alpha=0.1,top_spike,8192,0.0,-0.06526613748961774
diffuse_low_error,top_spike:alpha=0.1,top_spike,16384,0.0,-0.04809232926556889
diffuse_low_error,top_spike:alpha=0.1,top_spike,32768,0.0,-0.03385027483244526
diffuse_low_error,top_spike:alpha=0.1,top_spike,65536,0.0,-0.02210085464115709
diffuse_low_error,top_spike:alpha=0.1,top_spike,131072,0.0,-0.0124738232785544
diffuse_low_error,top_spike:alpha=0.1,top_spike,262144,0.0,-0.00465196735308797
diffuse_low_error,top_spike:alpha=0.1,top_spike,524288,1.0,0.0016362409971725214
diffuse_low_error,top_spike:alpha=0.1,top_spike,1048576,1.0,0.006629313449072916
diffuse_low_error,top_spike:alpha=0.25,top_spike,32,0.0,-0.3671875
diffuse_low_error,top_spike:alpha=0.25,top_spike,64,0.0,-0.3671875
diffuse_low_error,top_spike:alpha=0.25,top_spike,128,0.0,-0.3671875
diffuse_low_error,top_spike:alpha=0.25,top_spike,256,0.0,-0.3671875
diffuse_low_error,top_spike:alpha=0.25,top_spike,512,0.0,-0.3671875
diffuse_low_error,top_spike:alpha=0.25,top_spike,1024,0.0,-0.350405421470358
diffuse_low_error,top_spike:alpha=0.25,top_spike,2048,0.0,-0.27653710510657264
diffuse_low_error,top_spike:alpha=0.25,top_spike,4096,0.0,-0.21474659059497536
diffuse_low_error,top_spike:alpha=0.25,top_spike,8192,0.0,-0.1631653437240443
diffuse_low_error,top_spike:alpha=0.25,top_spike,16384,0.0,-0.12023082316392218
diffuse_low_error,top_spike:alpha=0.25,top_spike,32768,0.0,-0.08462568708111312
diffuse_low_error,top_spike:alpha=0.25,top_spike,65536,0.0,-0.055252136602892715
diffuse_low_error,top_spike:alpha=0.25,top_spike,131072,0.0,-0.031184558196385992
diffuse_low_error,top_spike:alpha=0.25,top_spike,262144,0.0,-0.011629918382719916
diffuse_low_error,top_spike:alpha=0.25,top_spike,524288,1.0,0.00409060249293131
diffuse_low_error,top_spike:alpha=0.25,top_spike,1048576,1.0,0.0165732836226823
diffuse_low_error,top_spike:alpha=0.5,top_spike,32,0.0,-0.734375
diffuse_low_error,top_spike:alpha=0.5,top_spike,64,0.0,-0.734375
diffuse_low_error,top_spike:alpha=0.5,top_spike,128,0.0,-0.734375
diffuse_low_error,top_spike:alpha=0.5,top_spike,256,0.0,-0.734375
diffuse_low_error,top_spike:alpha=0.5,top_spike,512,0.0,-0.734375
diffuse_low_error,top_spike:alpha=0.5,top_spike,1024,0.0,-0.700810842940716
diffuse_low_error,top_spike:alpha=0.5,top_spike,2048,0.0,-0.5530742102131453
diffuse_low_error,top_spike:alpha=0.5,top_spike,4096,0.0,-0.4294931811899507
diffuse_low_error,top_spike:alpha=0.5,top_spike,8192,0.0,-0.3263306874480886
diffuse_low_error,top_spike:alpha=0.5,top_spike,16384,0.0,-0.24046164632784436
diffuse_low_error,top_spike:alpha=0.5,top_spike,32768,0.0,-0.16925137416222624
diffuse_low_error,top_spike:alpha=0.5,top_spike,65536,0.0,-0.11050427320578543
diffuse_low_error,top_spike:alpha=0.5,top_spike,131072,0.0,-0.062369116392771984
diffuse_low_error,top_spike:alpha=0.5,top_spike,262144,0.0,-0.023259836765439832
diffuse_low_error,top_spike:alpha=0.5,top_spike,524288,1.0,0.00818120498586262
diffuse_low_error,top_spike:alpha=0.5,top_spike,1048576,1.0,0.0331465672453646
diffuse_low_error,top_spike:alpha=0.75,top_spike,32,0.0,-1.1015625
diffuse_low_error,top_spike:alpha=0.75,top_spike,64,0.0,-1.1015625
diffuse_low_error,top_spike:alpha=0.75,top_spike,128,0.0,-1.1015625
diffuse_low_error,top_spike:alpha=0.75,top_spike,256,0.0,-1.1015625
diffuse_low_error,top_spike:alpha=0.75,top_spike,512,0.0,-1.1015625
diffuse_low_error,top_spike:alpha=0.75,top_spike,1024,0.0,-1.051216264411074
diffuse_low_error,top_spike:alpha=0.75,top_spike,2048,0.0,-0.829611315319718
diffuse_low_error,top_spike:alpha=0.75,top_spike,4096,0.0,-0.644239771784926
diffuse_low_error,top_spike:alpha=0.75,top_spike,8192,0.0,-0.4894960311721329
diffuse_low_error,top_spike:alpha=0.75,top_spike,16384,0.0,-0.3606924694917666
diffuse_low_error,top_spike:alpha=0.75,top_spike,32768,0.0,-0.2538770612433394
diffuse_low_error,top_spike:alpha=0.75,top_spike,65536,0.0,-0.16575640980867817
diffuse_low_error,top_spike:alpha=0.75,top_spike,131072,0.0,-0.093553674589158
diffuse_low_error,top_spike:alpha=0.75,top_spike,262144,0.0,-0.034889755148159785
diffuse_low_error,top_spike:alpha=0.75,top_spike,524288,1.0,0.012271807478793887
diffuse_low_error,top_spike:alpha=0.75,top_spike,1048576,1.0,0.04971985086804685
diffuse_low_error,top_spike:alpha=1,top_spike,32,0.0,-1.46875
diffuse_low_error,top_spike:alpha=1,top_spike,64,0.0,-1.46875
diffuse_low_error,top_spike:alpha=1,top_spike,128,0.0,-1.46875
diffuse_low_error,top_spike:alpha=1,top_spike,256,0.0,-1.46875
diffuse_low_error,top_spike:alpha=1,top_spike,512,0.0,-1.46875
diffuse_low_error,top_spike:alpha=1,top_spike,1024,0.0,-1.401621685881432
diffuse_low_error,top_spike:alpha=1,top_spike,2048,0.0,-1.1061484204262906
diffuse_low_error,top_spike:alpha=1,top_spike,4096,0.0,-0.8589863623799014
diffuse_low_error,top_spike:alpha=1,top_spike,8192,0.0,-0.6526613748961771
diffuse_low_error,top_spike:alpha=1,top_spike,16384,0.0,-0.48092329265568873
diffuse_low_error,top_spike:alpha=1,top_spike,32768,0.0,-0.3385027483244525
diffuse_low_error,top_spike:alpha=1,top_spike,65536,0.0,-0.22100854641157086
diffuse_low_error,top_spike:alpha=1,top_spike,131072,0.0,-0.12473823278554397
diffuse_low_error,top_spike:alpha=1,top_spike,262144,0.0,-0.046519673530879664
diffuse_low_error,top_spike:alpha=1,top_spike,524288,1.0,0.01636240997172524
diffuse_low_error,top_spike:alpha=1,top_spike,1048576,1.0,0.0662931344907292
diffuse_low_error,scrambled_gibbs:beta=0.25,scrambled_gibbs,32,0.0,-0.12245251576699367
diffuse_low_error,scrambled_gibbs:beta=0.25,scrambled_gibbs,64,0.0,-0.09963483544449103
diffuse_low_error,scrambled_gibbs:beta=0.25,scrambled_gibbs,128,0.0,-0.07904849909982804
diffuse_low_error,scrambled_gibbs:beta=0.25,scrambled_gibbs,256,0.0,-0.05424752492482553
diffuse_low_error,scrambled_gibbs:beta=0.25,scrambled_gibbs,512,0.0,-0.0366623982927239
diffuse_low_error,scrambled_gibbs:beta=0.25,scrambled_gibbs,1024,0.0,-0.02424448150937207
diffuse_low_error,scrambled_gibbs:beta=0.25,scrambled_gibbs,2048,0.0,-0.015462334083145204
diffuse_low_error,scrambled_gibbs:beta=0.25,scrambled_gibbs,4096,0.0,-0.009255561310378592
diffuse_low_error,scrambled_gibbs:beta=0.25,scrambled_gibbs,8192,0.0,-0.004866942044118907
diffuse_low_error,scrambled_gibbs:beta=0.25,scrambled_gibbs,16384,0.0,-0.0017648298067504124
diffuse_low_error,scrambled_gibbs:beta=0.25,scrambled_gibbs,32768,1.0,0.0004320181825472015
diffuse_low_error,scrambled_gibbs:beta=0.25,scrambled_gibbs,65536,1.0,0.001986010331873256
diffuse_low_error,scrambled_gibbs:beta=0.25,scrambled_gibbs,131072,1.0,0.003083849943882467
diffuse_low_error,scrambled_gibbs:beta=0.25,scrambled_gibbs,262144,1.0,0.004019476713253518
diffuse_low_error,scrambled_gibbs:beta=0.25,scrambled_gibbs,524288,1.0,0.00603990507733225
diffuse_low_error,scrambled_gibbs:beta=0.25,scrambled_gibbs,1048576,1.0,0.0076442007119229514
diffuse_low_error,scrambled_gibbs:beta=0.5,scrambled_gibbs,32,0.0,-0.1188213494358091
diffuse_low_error,scrambled_gibbs:beta=0.5,scrambled_gibbs,64,0.0,-0.09316288413689869
diffuse_low_error,scrambled_gibbs:beta=0.5,scrambled_gibbs,128,0.0,-0.07160534081970601
diffuse_low_error,scrambled_gibbs:beta=0.5,scrambled_gibbs,256,0.0,-0.053502776626859344
diffuse_low_error,scrambled_gibbs:beta=0.5,scrambled_gibbs,512,0.0,-0.03510917575080079
diffuse_low_error,scrambled_gibbs:beta=0.5,scrambled_gibbs,1024,0.0,-0.018424902943068117
diffuse_low_error,scrambled_gibbs:beta=0.5,scrambled_gibbs,2048,0.0,-0.006625520965139688
diffuse_low_error,scrambled_gibbs:beta=0.5,scrambled_gibbs,4096,1.0,0.0017136789186345369
diffuse_low_error,scrambled_gibbs:beta=0.5,scrambled_gibbs,8192,1.0,0.007610072199809716
diffuse_low_error,scrambled_gibbs:beta=0.5,scrambled_gibbs,16384,1.0,0.011777960240245747
diffuse_low_error,scrambled_gibbs:beta=0.5,scrambled_gibbs,32768,1.0,0.014729567326202328
diffuse_low_error,scrambled_gibbs:beta=0.5,scrambled_gibbs,65536,1.0,0.017091920598372324
diffuse_low_error,scrambled_gibbs:beta=0.5,scrambled_gibbs,131072,1.0,0.020570229159177743
diffuse_low_error,scrambled_gibbs:beta=0.5,scrambled_gibbs,262144,1.0,0.02339631618457423
diffuse_low_error,scrambled_gibbs:beta=0.5,scrambled_gibbs,524288,1.0,0.02566828644342316
diffuse_low_error,scrambled_gibbs:beta=0.5,scrambled_gibbs,1048576,1.0,0.027472315743839976
diffuse_low_error,scrambled_gibbs:beta=1,scrambled_gibbs,32,0.0,-0.13381356752653112
diffuse_low_error,scrambled_gibbs:beta=1,scrambled_gibbs,64,0.0,-0.09910041759129401
diffuse_low_error,scrambled_gibbs:beta=1,scrambled_gibbs,128,0.0,-0.06993537499473404
diffuse_low_error,scrambled_gibbs:beta=1,scrambled_gibbs,256,0.0,-0.04544454837209788
diffuse_low_error,scrambled_gibbs:beta=1,scrambled_gibbs,512,0.0,-0.024886623695921005
diffuse_low_error,scrambled_gibbs:beta=1,scrambled_gibbs,1024,0.0,-0.007646915045540166
diffuse_low_error,scrambled_gibbs:beta=1,scrambled_gibbs,2048,1.0,0.007712325936690294
diffuse_low_error,scrambled_gibbs:beta=1,scrambled_gibbs,4096,1.0,0.020710848373218318
diffuse_low_error,scrambled_gibbs:beta=1,scrambled_gibbs,8192,1.0,0.02990443197212551
diffuse_low_error,scrambled_gibbs:beta=1,scrambled_gibbs,16384,1.0,0.03735763788869729
diffuse_low_error,scrambled_gibbs:beta=1,scrambled_gibbs,32768,1.0,0.04431928023915427
diffuse_low_error,scrambled_gibbs:beta=1,scrambled_gibbs,65536,1.0,0.05006250089464832
diffuse_low_error,scrambled_gibbs:beta=1,scrambled_gibbs,131072,1.0,0.05476827909243416
diffuse_low_error,scrambled_gibbs:beta=1,scrambled_gibbs,262144,1.0,0.05859167154789728
diffuse_low_error,scrambled_gibbs:beta=1,scrambled_gibbs,524288,1.0,0.06166540348490333
diffuse_low_error,scrambled_gibbs:beta=1,scrambled_gibbs,1048576,1.0,0.06410606152362044
diffuse_low_error,scrambled_gibbs:beta=2,scrambled_gibbs,32,0.0,-0.19841984670086027
diffuse_low_error,scrambled_gibbs:beta=2,scrambled_gibbs,64,0.0,-0.1412164011881463
diffuse_low_error,scrambled_gibbs:beta=2,scrambled_gibbs,128,0.0,-0.09315562513754713
diffuse_low_error,scrambled_gibbs:beta=2,scrambled_gibbs,256,0.0,-0.05279744188759705
diffuse_low_error,scrambled_gibbs:beta=2,scrambled_gibbs,512,0.0,-0.018920247617928425
diffuse_low_error,scrambled_gibbs:beta=2,scrambled_gibbs,1024,1.0,0.009488892326933455
diffuse_low_error,scrambled_gibbs:beta=2,scrambled_gibbs,2048,1.0,0.03328935625671725
diffuse_low_error,scrambled_gibbs:beta=2,scrambled_gibbs,4096,1.0,0.053198337322340264
diffuse_low_error,scrambled_gibbs:beta=2,scrambled_gibbs,8192,1.0,0.06981787958399033
diffuse_low_error,scrambled_gibbs:beta=2,scrambled_gibbs,16384,1.0,0.08365143581263512
diffuse_low_error,scrambled_gibbs:beta=2,scrambled_gibbs,32768,1.0,0.09512345519480958
diffuse_low_error,scrambled_gibbs:beta=2,scrambled_gibbs,65536,1.0,0.10458764990047517
diffuse_low_error,scrambled_gibbs:beta=2,scrambled_gibbs,131072,1.0,0.11234225376771773
diffuse_low_error,scrambled_gibbs:beta=2,scrambled_gibbs,262144,1.0,0.11864278317538737
diffuse_low_error,scrambled_gibbs:beta=2,scrambled_gibbs,524288,1.0,0.12370795466536305
diffuse_low_error,scrambled_gibbs:beta=2,scrambled_gibbs,1048576,1.0,0.1277298901391934
diffuse_low_error,scrambled_gibbs:beta=4,scrambled_gibbs,32,0.0,-0.3557839564057296
diffuse_low_error,scrambled_gibbs:beta=4,scrambled_gibbs,64,0.0,-0.2554058479255311
diffuse_low_error,scrambled_gibbs:beta=4,scrambled_gibbs,128,0.0,-0.17107089661604524
diffuse_low_error,scrambled_gibbs:beta=4,scrambled_gibbs,256,0.0,-0.10025211883059126
diffuse_low_error,scrambled_gibbs:beta=4,scrambled_gibbs,512,0.0,-0.040805897524747815
diffuse_low_error,scrambled_gibbs:beta=4,scrambled_gibbs,1024,1.0,0.009045220806589014
diffuse_low_error,scrambled_gibbs:beta=4,scrambled_gibbs,2048,1.0,0.05080923569782314
diffuse_low_error,scrambled_gibbs:beta=4,scrambled_gibbs,4096,1.0,0.08574464637498515
diffuse_low_error,scrambled_gibbs:beta=4,scrambled_gibbs,8192,1.0,0.11490789346751161
diffuse_low_error,scrambled_gibbs:beta=4,scrambled_gibbs,16384,1.0,0.1391824139153613
diffuse_low_error,scrambled_gibbs:beta=4,scrambled_gibbs,32768,1.0,0.1593130126181074
diffuse_low_error,scrambled_gibbs:beta=4,scrambled_gibbs,65536,1.0,0.1759203682472692
diffuse_low_error,scrambled_gibbs:beta=4,scrambled_gibbs,131072,1.0,0.18952780851997153
diffuse_low_error,scrambled_gibbs:beta=4,scrambled_gibbs,262144,1.0,0.20058370242106843
diffuse_low_error,scrambled_gibbs:beta=4,scrambled_gibbs,524288,1.0,0.20947184418830836
diffuse_low_error,scrambled_gibbs:beta=4,scrambled_gibbs,1048576,1.0,0.21652936094580458
heteroskedastic_proxy_coupled,gibbs:beta=0.25,gibbs,32,0.0,-0.02104310950353492
heteroskedastic_proxy_coupled,gibbs:beta=0.25,gibbs,64,0.0,-0.014696211211731355
heteroskedastic_proxy_coupled,gibbs:beta=0.25,gibbs,128,0.0,-0.009440365189238816
heteroskedastic_proxy_coupled,gibbs:beta=0.25,gibbs,256,0.0,-0.005096929190429938
heteroskedastic_proxy_coupled,gibbs:beta=0.25,gibbs,512,0.0,-0.0015354259450375187
heteroskedastic_proxy_coupled,gibbs:beta=0.25,gibbs,1024,1.0,0.001356540934603248
heteroskedastic_proxy_coupled,gibbs:beta=0.25,gibbs,2048,1.0,0.0036879801049395813
heteroskedastic_proxy_coupled,gibbs:beta=0.25,gibbs,4096,1.0,0.005540016269771447
heteroskedastic_proxy_coupled,gibbs:beta=0.25,gibbs,8192,1.0,0.0069951422718974275
heteroskedastic_proxy_coupled,gibbs:beta=0.25,gibbs,16384,1.0,0.008117249697707624
heteroskedastic_proxy_coupled,gibbs:beta=0.25,gibbs,32768,1.0,0.008971252488761917
heteroskedastic_proxy_coupled,gibbs:beta=0.25,gibbs,65536,1.0,0.009612947364447996
heteroskedastic_proxy_coupled,gibbs:beta=0.25,gibbs,131072,1.0,0.010087655594934236
heteroskedastic_proxy_coupled,gibbs:beta=0.25,gibbs,262144,1.0,0.01043623996335401
heteroskedastic_proxy_coupled,gibbs:beta=0.25,gibbs,524288,1.0,0.01068921035083725
heteroskedastic_proxy_coupled,gibbs:beta=0.25,gibbs,1048576,1.0,0.010872061987193518
heteroskedastic_proxy_coupled,gibbs:beta=0.5,gibbs,32,0.0,-0.04208731583001863
heteroskedastic_proxy_coupled,gibbs:beta=0.5,gibbs,64,0.0,-0.029413899903659342
heteroskedastic_proxy_coupled,gibbs:beta=0.5,gibbs,128,0.0,-0.018919085015264306
heteroskedastic_proxy_coupled,gibbs:beta=0.5,gibbs,256,0.0,-0.01024616031541308
heteroskedastic_proxy_coupled,gibbs:beta=0.5,gibbs,512,0.0,-0.003134590241850361
heteroskedastic_proxy_coupled,gibbs:beta=0.5,gibbs,1024,1.0,0.002640057062372929
heteroskedastic_proxy_coupled,gibbs:beta=0.5,gibbs,2048,1.0,0.007295448870184942
heteroskedastic_proxy_coupled,gibbs:beta=0.5,gibbs,4096,1.0,0.010993574087960211
heteroskedastic_proxy_coupled,gibbs:beta=0.5,gibbs,8192,1.0,0.013899153506810879
heteroskedastic_proxy_coupled,gibbs:beta=0.5,gibbs,16384,1.0,0.01613976513591387
heteroskedastic_proxy_coupled,gibbs:beta=0.5,gibbs,32768,1.0,0.017845028411879682
heteroskedastic_proxy_coupled,gibbs:beta=0.5,gibbs,65536,1.0,0.019126357603476377
heteroskedastic_proxy_coupled,gibbs:beta=0.5,gibbs,131072,1.0,0.020074249718966472
heteroskedastic_proxy_coupled,gibbs:beta=0.5,gibbs,262144,1.0,0.020770299109283026
heteroskedastic_proxy_coupled,gibbs:beta=0.5,gibbs,524288,1.0,0.021275427565771388
heteroskedastic_proxy_coupled,gibbs:beta=0.5,gibbs,1048576,1.0,0.021640543679787433
heteroskedastic_proxy_coupled,gibbs:beta=1,gibbs,32,0.0,-0.0841789582949217
heteroskedastic_proxy_coupled,gibbs:beta=1,gibbs,64,0.0,-0.05899214629631508
heteroskedastic_proxy_coupled,gibbs:beta=1,gibbs,128,0.0,-0.03813502844504937
heteroskedastic_proxy_coupled,gibbs:beta=1,gibbs,256,0.0,-0.020898687022774497
heteroskedastic_proxy_coupled,gibbs:beta=1,gibbs,512,0.0,-0.0067653405360395096
heteroskedastic_proxy_coupled,gibbs:beta=1,gibbs,1024,1.0,0.0047110409584889944
heteroskedastic_proxy_coupled,gibbs:beta=1,gibbs,2048,1.0,0.013963043648571814
heteroskedastic_proxy_coupled,gibbs:beta=1,gibbs,4096,1.0,0.021312600007223535
heteroskedastic_proxy_coupled,gibbs:beta=1,gibbs,8192,1.0,0.027087071783013793
heteroskedastic_proxy_coupled,gibbs:beta=1,gibbs,16384,1.0,0.03154000414095311
heteroskedastic_proxy_coupled,gibbs:beta=1,gibbs,32768,1.0,0.03492899932500191
heteroskedastic_proxy_coupled,gibbs:beta=1,gibbs,65536,1.0,0.037475479109504925
heteroskedastic_proxy_coupled,gibbs:beta=1,gibbs,131072,1.0,0.03935929485788217
heteroskedastic_proxy_coupled,gibbs:beta=1,gibbs,262144,1.0,0.04074260502757246
heteroskedastic_proxy_coupled,gibbs:beta=1,gibbs,524288,1.0,0.041746483977229375
heteroskedastic_proxy_coupled,gibbs:beta=1,gibbs,1048576,1.0,0.042472106096381725
heteroskedastic_proxy_coupled,gibbs:beta=2,gibbs,32,0.0,-0.16827005897589356
heteroskedastic_proxy_coupled,gibbs:beta=2,gibbs,64,0.0,-0.11908767346494141
heteroskedastic_proxy_coupled,gibbs:beta=2,gibbs,128,0.0,-0.0783598985141036
heteroskedastic_proxy_coupled,gibbs:beta=2,gibbs,256,0.0,-0.044702427744257305
heteroskedastic_proxy_coupled,gibbs:beta=2,gibbs,512,0.0,-0.017104187224221815
heteroskedastic_proxy_coupled,gibbs:beta=2,gibbs,1024,1.0,0.005305787446883195
heteroskedastic_proxy_coupled,gibbs:beta=2,gibbs,2048,1.0,0.023372208996271536
heteroskedastic_proxy_coupled,gibbs:beta=2,gibbs,4096,1.0,0.037723716213051324
heteroskedastic_proxy_coupled,gibbs:beta=2,gibbs,8192,1.0,0.04899954965377183
heteroskedastic_proxy_coupled,gibbs:beta=2,gibbs,16384,1.0,0.05769480794586852
heteroskedastic_proxy_coupled,gibbs:beta=2,gibbs,32768,1.0,0.06431251199058324
heteroskedastic_proxy_coupled,gibbs:beta=2,gibbs,65536,1.0,0.06928503294576416
heteroskedastic_proxy_coupled,gibbs:beta=2,gibbs,131072,1.0,0.07296356726655943
heteroskedastic_proxy_coupled,gibbs:beta=2,gibbs,262144,1.0,0.07566476240196174
heteroskedastic_proxy_coupled,gibbs:beta=2,gibbs,524288,1.0,0.07762504072186532
heteroskedastic_proxy_coupled,gibbs:beta=2,gibbs,1048576,1.0,0.07904196584924546
heteroskedastic_proxy_coupled,gibbs:beta=4,gibbs,32,0.0,-0.33356569874430386
heteroskedastic_proxy_coupled,gibbs:beta=4,gibbs,64,0.0,-0.24262224370509816
heteroskedastic_proxy_coupled,gibbs:beta=4,gibbs,128,0.0,-0.1673122616534224
heteroskedastic_proxy_coupled,gibbs:beta=4,gibbs,256,0.0,-0.1050760230511026
heteroskedastic_proxy_coupled,gibbs:beta=4,gibbs,512,0.0,-0.05404394480154067
heteroskedastic_proxy_coupled,gibbs:beta=4,gibbs,1024,0.0,-0.012605521212316105
heteroskedastic_proxy_coupled,gibbs:beta=4,gibbs,2048,1.0,0.020801211275888628
heteroskedastic_proxy_coupled,gibbs:beta=4,gibbs,4096,1.0,0.047338672559123975
heteroskedastic_proxy_coupled,gibbs:beta=4,gibbs,8192,1.0,0.06818888632757533
heteroskedastic_proxy_coupled,gibbs:beta=4,gibbs,16384,1.0,0.08426734253351682
heteroskedastic_proxy_coupled,gibbs:beta=4,gibbs,32768,1.0,0.09650418025500682
heteroskedastic_proxy_coupled,gibbs:beta=4,gibbs,65536,1.0,0.1056988996900432
heteroskedastic_proxy_coupled,gibbs:beta=4,gibbs,131072,1.0,0.1125009003888284
heteroskedastic_proxy_coupled,gibbs:beta=4,gibbs,262144,1.0,0.11749569711933423
heteroskedastic_proxy_coupled,gibbs:beta=4,gibbs,524288,1.0,0.12112045995664683
heteroskedastic_proxy_coupled,gibbs:beta=4,gibbs,1048576,1.0,0.12374050502516268
heteroskedastic_proxy_coupled,best_of_n:n=2,best_of_n,32,0.0,-0.16571284535543224
heteroskedastic_proxy_coupled,best_of_n:n=2,best_of_n,64,0.0,-0.1157041363359039
heteroskedastic_proxy_coupled,best_of_n:n=2,best_of_n,128,0.0,-0.0742851550742448
heteroskedastic_proxy_coupled,best_of_n:n=2,best_of_n,256,0.0,-0.03989936483940323
heteroskedastic_proxy_coupled,best_of_n:n=2,best_of_n,512,0.0,-0.011428495103226369
heteroskedastic_proxy_coupled,best_of_n:n=2,best_of_n,1024,1.0,0.01106568637501892
heteroskedastic_proxy_coupled,best_of_n:n=2,best_of_n,2048,1.0,0.02915024078283908
heteroskedastic_proxy_coupled,best_of_n:n=2,best_of_n,4096,1.0,0.043741874179554524
heteroskedastic_proxy_coupled,best_of_n:n=2,best_of_n,8192,1.0,0.055207155247795694
heteroskedastic_proxy_coupled,best_of_n:n=2,best_of_n,16384,1.0,0.0640485043865493
heteroskedastic_proxy_coupled,best_of_n:n=2,best_of_n,32768,1.0,0.07077739385604846
heteroskedastic_proxy_coupled,best_of_n:n=2,best_of_n,65536,1.0,0.07583345917207049
heteroskedastic_proxy_coupled,best_of_n:n=2,best_of_n,131072,1.0,0.0795737973145958
heteroskedastic_proxy_coupled,best_of_n:n=2,best_of_n,262144,1.0,0.08232037579239694
heteroskedastic_proxy_coupled,best_of_n:n=2,best_of_n,524288,1.0,0.08431358915687512
heteroskedastic_proxy_coupled,best_of_n:n=2,best_of_n,1048576,1.0,0.0857543203386075
heteroskedastic_proxy_coupled,best_of_n:n=4,best_of_n,32,0.0,-0.35314604796904936
heteroskedastic_proxy_coupled,best_of_n:n=4,best_of_n,64,0.0,-0.25494128383968767
heteroskedastic_proxy_coupled,best_of_n:n=4,best_of_n,128,0.0,-0.17361823513010266
heteroskedastic_proxy_coupled,best_of_n:n=4,best_of_n,256,0.0,-0.10641279269771813
heteroskedastic_proxy_coupled,best_of_n:n=4,best_of_n,512,0.0,-0.051306098044772944
heteroskedastic_proxy_coupled,best_of_n:n=4,best_of_n,1024,0.0,-0.006559055910536498
heteroskedastic_proxy_coupled,best_of_n:n=4,best_of_n,2048,1.0,0.02951501102393966
heteroskedastic_proxy_coupled,best_of_n:n=4,best_of_n,4096,1.0,0.058171335162809285
heteroskedastic_proxy_coupled,best_of_n:n=4,best_of_n,8192,1.0,0.08068631795398232
heteroskedastic_proxy_coupled,best_of_n:n=4,best_of_n,16384,1.0,0.09804854592946508
heteroskedastic_proxy_coupled,best_of_n:n=4,best_of_n,32768,1.0,0.11126242439504726
heteroskedastic_proxy_coupled,best_of_n:n=4,best_of_n,65536,1.0,0.12119128901718128
heteroskedastic_proxy_coupled,best_of_n:n=4,best_of_n,131072,1.0,0.12853639014561302
heteroskedastic_proxy_coupled,best_of_n:n=4,best_of_n,262144,1.0,0.13392999251735022
heteroskedastic_proxy_coupled,best_of_n:n=4,best_of_n,524288,1.0,0.13784417171045105
heteroskedastic_proxy_coupled,best_of_n:n=4,best_of_n,1048576,1.0,0.14067341222974925
heteroskedastic_proxy_coupled,best_of_n:n=8,best_of_n,32,0.0,-0.6531090308214813
heteroskedastic_proxy_coupled,best_of_n:n=8,best_of_n,64,0.0,-0.49665544035770826
heteroskedastic_proxy_coupled,best_of_n:n=8,best_of_n,128,0.0,-0.36709672626808465
heteroskedastic_proxy_coupled,best_of_n:n=8,best_of_n,256,0.0,-0.260029285492986
heteroskedastic_proxy_coupled,best_of_n:n=8,best_of_n,512,0.0,-0.17223680094827387
heteroskedastic_proxy_coupled,best_of_n:n=8,best_of_n,1024,0.0,-0.10094865656341415
heteroskedastic_proxy_coupled,best_of_n:n=8,best_of_n,2048,0.0,-0.04347774520218181
heteroskedastic_proxy_coupled,best_of_n:n=8,best_of_n,4096,0.9130859375,0.002175689646600472
heteroskedastic_proxy_coupled,best_of_n:n=8,best_of_n,8192,1.0,0.03804512966958097
heteroskedastic_proxy_coupled,best_of_n:n=8,best_of_n,16384,1.0,0.06570552811661198
heteroskedastic_proxy_coupled,best_of_n:n=8,best_of_n,32768,1.0,0.08675703970284224
heteroskedastic_proxy_coupled,best_of_n:n=8,best_of_n,65536,1.0,0.1025750759573294
heteroskedastic_proxy_coupled,best_of_n:n=8,best_of_n,131072,1.0,0.1142768243811523
heteroskedastic_proxy_coupled,best_of_n:n=8,best_of_n,262144,1.0,0.12286956898039224
heteroskedastic_proxy_coupled,best_of_n:n=8,best_of_n,524288,1.0,0.12910539057121184
heteroskedastic_proxy_coupled,best_of_n:n=8,best_of_n,1048576,1.0,0.1336127568019042
heteroskedastic_proxy_coupled,best_of_n:n=16,best_of_n,32,0.0,-1.10664282305948
heteroskedastic_proxy_coupled,best_of_n:n=16,best_of_n,64,0.0,-0.8783983891220319
heteroskedastic_proxy_coupled,best_of_n:n=16,best_of_n,128,0.0,-0.6856705198818535
heteroskedastic_proxy_coupled,best_of_n:n=16,best_of_n,256,0.0,-0.5264000310492044
heteroskedastic_proxy_coupled,best_of_n:n=16,best_of_n,512,0.0,-0.3958024205334113
heteroskedastic_proxy_coupled,best_of_n:n=16,best_of_n,1024,0.0,-0.28975619843309036
heteroskedastic_proxy_coupled,best_of_n:n=16,best_of_n,2048,0.0,-0.20426410036951
heteroskedastic_proxy_coupled,best_of_n:n=16,best_of_n,4096,0.0,-0.1363513452628598
heteroskedastic_proxy_coupled,best_of_n:n=16,best_of_n,8192,0.0,-0.08299298341862878
heteroskedastic_proxy_coupled,best_of_n:n=16,best_of_n,16384,0.0,-0.04184615904259412
heteroskedastic_proxy_coupled,best_of_n:n=16,best_of_n,32768,0.0,-0.01053052735538501
heteroskedastic_proxy_coupled,best_of_n:n=16,best_of_n,65536,1.0,0.01299993483168424
heteroskedastic_proxy_coupled,best_of_n:n=16,best_of_n,131072,1.0,0.03040712396562325
heteroskedastic_proxy_coupled,best_of_n:n=16,best_of_n,262144,1.0,0.043189447170768405
heteroskedastic_proxy_coupled,best_of_n:n=16,best_of_n,524288,1.0,0.052465678542817924
heteroskedastic_proxy_coupled,best_of_n:n=16,best_of_n,1048576,1.0,0.059170708734191585
heteroskedastic_proxy_coupled,best_of_n:n=32,best_of_n,32,0.0,-1.2556355194637434
heteroskedastic_proxy_coupled,best_of_n:n=32,best_of_n,64,0.0,-1.2556355194637434
heteroskedastic_proxy_coupled,best_of_n:n=32,best_of_n,128,0.0,-1.1539209185724995
heteroskedastic_proxy_coupled,best_of_n:n=32,best_of_n,256,0.0,-0.9248318360499561
heteroskedastic_proxy_coupled,best_of_n:n=32,best_of_n,512,0.0,-0.7369848156007637
heteroskedastic_proxy_coupled,best_of_n:n=32,best_of_n,1024,0.0,-0.5844516507690104
heteroskedastic_proxy_coupled,best_of_n:n=32,best_of_n,2048,0.0,-0.46148281673163977
heteroskedastic_proxy_coupled,best_of_n:n=32,best_of_n,4096,0.0,-0.36379949276502566
heteroskedastic_proxy_coupled,best_of_n:n=32,best_of_n,8192,0.0,-0.28705069737051436
heteroskedastic_proxy_coupled,best_of_n:n=32,best_of_n,16384,0.0,-0.22786654898175343
heteroskedastic_proxy_coupled,best_of_n:n=32,best_of_n,32768,0.0,-0.18282324319159757
heteroskedastic_proxy_coupled,best_of_n:n=32,best_of_n,65536,0.0,-0.14897785203799127
heteroskedastic_proxy_coupled,best_of_n:n=32,best_of_n,131072,0.0,-0.12393996198554981
heteroskedastic_proxy_coupled,best_of_n:n=32,best_of_n,262144,0.0,-0.10555431680397337
heteroskedastic_proxy_coupled,best_of_n:n=32,best_of_n,524288,0.0,-0.0922117110904783
heteroskedastic_proxy_coupled,best_of_n:n=32,best_of_n,1048576,0.0,-0.08256743093483865
heteroskedastic_proxy_coupled,top_spike:alpha=0.1,top_spike,32,0.0,-0.14687500000000003
heteroskedastic_proxy_coupled,top_spike:alpha=0.1,top_spike,64,0.0,-0.14687500000000003
heteroskedastic_proxy_coupled,top_spike:alpha=0.1,top_spike,128,0.0,-0.14687500000000003
heteroskedastic_proxy_coupled,top_spike:alpha=0.1,top_spike,256,0.0,-0.14687500000000003
heteroskedastic_proxy_coupled,top_spike:alpha=0.1,top_spike,512,0.0,-0.14687500000000003
heteroskedastic_proxy_coupled,top_spike:alpha=0.1,top_spike,1024,0.0,-0.14687500000000003
heteroskedastic_proxy_coupled,top_spike:alpha=0.1,top_spike,2048,0.0,-0.14265885583629462
heteroskedastic_proxy_coupled,top_spike:alpha=0.1,top_spike,4096,0.0,-0.12259485716360209
heteroskedastic_proxy_coupled,top_spike:alpha=0.1,top_spike,8192,0.0,-0.10683077721222246
heteroskedastic_proxy_coupled,top_spike:alpha=0.1,top_spike,16384,0.0,-0.09467444769253508
heteroskedastic_proxy_coupled,top_spike:alpha=0.1,top_spike,32768,0.0,-0.08542262464957381
heteroskedastic_proxy_coupled,top_spike:alpha=0.1,top_spike,65536,0.0,-0.07847083538189073
heteroskedastic_proxy_coupled,top_spike:alpha=0.1,top_spike,131072,0.0,-0.0733280927685159
heteroskedastic_proxy_coupled,top_spike:alpha=0.1,top_spike,262144,0.0,-0.06955171062322951
heteroskedastic_proxy_coupled,top_spike:alpha=0.1,top_spike,524288,0.0,-0.06681116072735047
heteroskedastic_proxy_coupled,top_spike:alpha=0.1,top_spike,1048576,0.0,-0.06483024099218704
heteroskedastic_proxy_coupled,top_spike:alpha=0.25,top_spike,32,0.0,-0.3671875
heteroskedastic_proxy_coupled,top_spike:alpha=0.25,top_spike,64,0.0,-0.3671875
heteroskedastic_proxy_coupled,top_spike:alpha=0.25,top_spike,128,0.0,-0.3671875
heteroskedastic_proxy_coupled,top_spike:alpha=0.25,top_spike,256,0.0,-0.3671875
heteroskedastic_proxy_coupled,top_spike:alpha=0.25,top_spike,512,0.0,-0.3671875
heteroskedastic_proxy_coupled,top_spike:alpha=0.25,top_spike,1024,0.0,-0.3671875
heteroskedastic_proxy_coupled,top_spike:alpha=0.25,top_spike,2048,0.0,-0.3566471395907366
heteroskedastic_proxy_coupled,top_spike:alpha=0.25,top_spike,4096,0.0,-0.3064871429090052
heteroskedastic_proxy_coupled,top_spike:alpha=0.25,top_spike,8192,0.0,-0.26707694303055607
heteroskedastic_proxy_coupled,top_spike:alpha=0.25,top_spike,16384,0.0,-0.23668611923133764
heteroskedastic_proxy_coupled,top_spike:alpha=0.25,top_spike,32768,0.0,-0.2135565616239345
heteroskedastic_proxy_coupled,top_spike:alpha=0.25,top_spike,65536,0.0,-0.19617708845472684
heteroskedastic_proxy_coupled,top_spike:alpha=0.25,top_spike,131072,0.0,-0.1833202319212897
heteroskedastic_proxy_coupled,top_spike:alpha=0.25,top_spike,262144,0.0,-0.1738792765580738
heteroskedastic_proxy_coupled,top_spike:alpha=0.25,top_spike,524288,0.0,-0.16702790181837612
heteroskedastic_proxy_coupled,top_spike:alpha=0.25,top_spike,1048576,0.0,-0.16207560248046757
heteroskedastic_proxy_coupled,top_spike:alpha=0.5,top_spike,32,0.0,-0.734375
heteroskedastic_proxy_coupled,top_spike:alpha=0.5,top_spike,64,0.0,-0.734375
heteroskedastic_proxy_coupled,top_spike:alpha=0.5,top_spike,128,0.0,-0.734375
heteroskedastic_proxy_coupled,top_spike:alpha=0.5,top_spike,256,0.0,-0.734375
heteroskedastic_proxy_coupled,top_spike:alpha=0.5,top_spike,512,0.0,-0.734375
heteroskedastic_proxy_coupled,top_spike:alpha=0.5,top_spike,1024,0.0,-0.734375
heteroskedastic_proxy_coupled,top_spike:alpha=0.5,top_spike,2048,0.0,-0.7132942791814731
heteroskedastic_proxy_coupled,top_spike:alpha=0.5,top_spike,4096,0.0,-0.6129742858180104
heteroskedastic_proxy_coupled,top_spike:alpha=0.5,top_spike,8192,0.0,-0.5341538860611121
heteroskedastic_proxy_coupled,top_spike:alpha=0.5,top_spike,16384,0.0,-0.4733722384626753
heteroskedastic_proxy_coupled,top_spike:alpha=0.5,top_spike,32768,0.0,-0.427113123247869
heteroskedastic_proxy_coupled,top_spike:alpha=0.5,top_spike,65536,0.0,-0.3923541769094537
heteroskedastic_proxy_coupled,top_spike:alpha=0.5,top_spike,131072,0.0,-0.3666404638425794
heteroskedastic_proxy_coupled,top_spike:alpha=0.5,top_spike,262144,0.0,-0.3477585531161476
heteroskedastic_proxy_coupled,top_spike:alpha=0.5,top_spike,524288,0.0,-0.33405580363675225
heteroskedastic_proxy_coupled,top_spike:alpha=0.5,top_spike,1048576,0.0,-0.32415120496093514
heteroskedastic_proxy_coupled,top_spike:alpha=0.75,top_spike,32,0.0,-1.1015625
heteroskedastic_proxy_coupled,top_spike:alpha=0.75,top_spike,64,0.0,-1.1015625
heteroskedastic_proxy_coupled,top_spike:alpha=0.75,top_spike,128,0.0,-1.1015625
heteroskedastic_proxy_coupled,top_spike:alpha=0.75,top_spike,256,0.0,-1.1015625
heteroskedastic_proxy_coupled,top_spike:alpha=0.75,top_spike,512,0.0,-1.1015625
heteroskedastic_proxy_coupled,top_spike:alpha=0.75,top_spike,1024,0.0,-1.1015625
heteroskedastic_proxy_coupled,top_spike:alpha=0.75,top_spike,2048,0.0,-1.0699414187722094
heteroskedastic_proxy_coupled,top_spike:alpha=0.75,top_spike,4096,0.0,-0.9194614287270155
heteroskedastic_proxy_coupled,top_spike:alpha=0.75,top_spike,8192,0.0,-0.8012308290916683
heteroskedastic_proxy_coupled,top_spike:alpha=0.75,top_spike,16384,0.0,-0.7100583576940129
heteroskedastic_proxy_coupled,top_spike:alpha=0.75,top_spike,32768,0.0,-0.6406696848718034
heteroskedastic_proxy_coupled,top_spike:alpha=0.75,top_spike,65536,0.0,-0.5885312653641804
heteroskedastic_proxy_coupled,top_spike:alpha=0.75,top_spike,131072,0.0,-0.5499606957638692
heteroskedastic_proxy_coupled,top_spike:alpha=0.75,top_spike,262144,0.0,-0.5216378296742215
heteroskedastic_proxy_coupled,top_spike:alpha=0.75,top_spike,524288,0.0,-0.5010837054551284
heteroskedastic_proxy_coupled,top_spike:alpha=0.75,top_spike,1048576,0.0,-0.48622680744140273
heteroskedastic_proxy_coupled,top_spike:alpha=1,top_spike,32,0.0,-1.46875
heteroskedastic_proxy_coupled,top_spike:alpha=1,top_spike,64,0.0,-1.46875
heteroskedastic_proxy_coupled,top_spike:alpha=1,top_spike,128,0.0,-1.46875
heteroskedastic_proxy_coupled,top_spike:alpha=1,top_spike,256,0.0,-1.46875
heteroskedastic_proxy_coupled,top_spike:alpha=1,top_spike,512,0.0,-1.46875
heteroskedastic_proxy_coupled,top_spike:alpha=1,top_spike,1024,0.0,-1.46875
heteroskedastic_proxy_coupled,top_spike:alpha=1,top_spike,2048,0.0,-1.4265885583629463
heteroskedastic_proxy_coupled,top_spike:alpha=1,top_spike,4096,0.0,-1.2259485716360208
heteroskedastic_proxy_coupled,top_spike:alpha=1,top_spike,8192,0.0,-1.0683077721222243
heteroskedastic_proxy_coupled,top_spike:alpha=1,top_spike,16384,0.0,-0.9467444769253506
heteroskedastic_proxy_coupled,top_spike:alpha=1,top_spike,32768,0.0,-0.854226246495738
heteroskedastic_proxy_coupled,top_spike:alpha=1,top_spike,65536,0.0,-0.7847083538189074
heteroskedastic_proxy_coupled,top_spike:alpha=1,top_spike,131072,0.0,-0.7332809276851588
heteroskedastic_proxy_coupled,top_spike:alpha=1,top_spike,262144,0.0,-0.6955171062322952
heteroskedastic_proxy_coupled,top_spike:alpha=1,top_spike,524288,0.0,-0.6681116072735045
heteroskedastic_proxy_coupled,top_spike:alpha=1,top_spike,1048576,0.0,-0.6483024099218703
heteroskedastic_proxy_coupled,scrambled_gibbs:beta=0.25,scrambled_gibbs,32,0.0,-0.12640779471387661
heteroskedastic_proxy_coupled,scrambled_gibbs:beta=0.25,scrambled_gibbs,64,0.0,-0.10431523181228808
heteroskedastic_proxy_coupled,scrambled_gibbs:beta=0.25,scrambled_gibbs,128,0.0,-0.08602045166701108
heteroskedastic_proxy_coupled,scrambled_gibbs:beta=0.25,scrambled_gibbs,256,0.0,-0.07090162848740703
heteroskedastic_proxy_coupled,scrambled_gibbs:beta=0.25,scrambled_gibbs,512,0.0,-0.058504591248815185
heteroskedastic_proxy_coupled,scrambled_gibbs:beta=0.25,scrambled_gibbs,1024,0.0,-0.048438105658478295
heteroskedastic_proxy_coupled,scrambled_gibbs:beta=0.25,scrambled_gibbs,2048,0.0,-0.0403227295875556
heteroskedastic_proxy_coupled,scrambled_gibbs:beta=0.25,scrambled_gibbs,4096,0.0,-0.03387608059675574
heteroskedastic_proxy_coupled,scrambled_gibbs:beta=0.25,scrambled_gibbs,8192,0.0,-0.02881101396834912
heteroskedastic_proxy_coupled,scrambled_gibbs:beta=0.25,scrambled_gibbs,16384,0.0,-0.02490513305655545
heteroskedastic_proxy_coupled,scrambled_gibbs:beta=0.25,scrambled_gibbs,32768,0.0,-0.021932482556725592
heteroskedastic_proxy_coupled,scrambled_gibbs:beta=0.25,scrambled_gibbs,65536,0.0,-0.01969884279239699
heteroskedastic_proxy_coupled,scrambled_gibbs:beta=0.25,scrambled_gibbs,131072,0.0,-0.018046457491774998
heteroskedastic_proxy_coupled,scrambled_gibbs:beta=0.25,scrambled_gibbs,262144,0.0,-0.016833089680954764
heteroskedastic_proxy_coupled,scrambled_gibbs:beta=0.25,scrambled_gibbs,524288,0.0,-0.015952539222957026
heteroskedastic_proxy_coupled,scrambled_gibbs:beta=0.25,scrambled_gibbs,1048576,0.0,-0.015316061199813644
heteroskedastic_proxy_coupled,scrambled_gibbs:beta=0.5,scrambled_gibbs,32,0.0,-0.12326905779931097
heteroskedastic_proxy_coupled,scrambled_gibbs:beta=0.5,scrambled_gibbs,64,0.0,-0.09842598652464812
heteroskedastic_proxy_coupled,scrambled_gibbs:beta=0.5,scrambled_gibbs,128,0.0,-0.07785351925917196
heteroskedastic_proxy_coupled,scrambled_gibbs:beta=0.5,scrambled_gibbs,256,0.0,-0.06085241334343768
heteroskedastic_proxy_coupled,scrambled_gibbs:beta=0.5,scrambled_gibbs,512,0.0,-0.046911953783137346
heteroskedastic_proxy_coupled,scrambled_gibbs:beta=0.5,scrambled_gibbs,1024,0.0,-0.035592197894239376
heteroskedastic_proxy_coupled,scrambled_gibbs:beta=0.5,scrambled_gibbs,2048,0.0,-0.026466463272651886
heteroskedastic_proxy_coupled,scrambled_gibbs:beta=0.5,scrambled_gibbs,4096,0.0,-0.01921721106617029
heteroskedastic_proxy_coupled,scrambled_gibbs:beta=0.5,scrambled_gibbs,8192,0.0,-0.013521547243872235
heteroskedastic_proxy_coupled,scrambled_gibbs:beta=0.5,scrambled_gibbs,16384,0.0,-0.009129386935705454
heteroskedastic_proxy_coupled,scrambled_gibbs:beta=0.5,scrambled_gibbs,32768,0.0,-0.005786643562249888
heteroskedastic_proxy_coupled,scrambled_gibbs:beta=0.5,scrambled_gibbs,65536,0.0,-0.0032749172354167707
heteroskedastic_proxy_coupled,scrambled_gibbs:beta=0.5,scrambled_gibbs,131072,0.0,-0.0014168111397403049
heteroskedastic_proxy_coupled,scrambled_gibbs:beta=0.5,scrambled_gibbs,262144,0.13671875,-5.2379899197309e-05
heteroskedastic_proxy_coupled,scrambled_gibbs:beta=0.5,scrambled_gibbs,524288,1.0,0.000937798464735373
heteroskedastic_proxy_coupled,scrambled_gibbs:beta=0.5,scrambled_gibbs,1048576,1.0,0.0016535175492138282
heteroskedastic_proxy_coupled,scrambled_gibbs:beta=1,scrambled_gibbs,32,0.0,-0.13983083962335466
heteroskedastic_proxy_coupled,scrambled_gibbs:beta=1,scrambled_gibbs,64,0.0,-0.10622083029650006
heteroskedastic_proxy_coupled,scrambled_gibbs:beta=1,scrambled_gibbs,128,0.0,-0.07838848988155885
heteroskedastic_proxy_coupled,scrambled_gibbs:beta=1,scrambled_gibbs,256,0.0,-0.05538781810159888
heteroskedastic_proxy_coupled,scrambled_gibbs:beta=1,scrambled_gibbs,512,0.0,-0.036527872378213595
heteroskedastic_proxy_coupled,scrambled_gibbs:beta=1,scrambled_gibbs,1024,0.0,-0.02121345747366025
heteroskedastic_proxy_coupled,scrambled_gibbs:beta=1,scrambled_gibbs,2048,0.0,-0.008867317885888286
heteroskedastic_proxy_coupled,scrambled_gibbs:beta=1,scrambled_gibbs,4096,0.998046875,0.000940142374512796
heteroskedastic_proxy_coupled,scrambled_gibbs:beta=1,scrambled_gibbs,8192,1.0,0.008645764279051808
heteroskedastic_proxy_coupled,scrambled_gibbs:beta=1,scrambled_gibbs,16384,1.0,0.014587885818311025
heteroskedastic_proxy_coupled,scrambled_gibbs:beta=1,scrambled_gibbs,32768,1.0,0.019110258866192064
heteroskedastic_proxy_coupled,scrambled_gibbs:beta=1,scrambled_gibbs,65536,1.0,0.022508355033048266
heteroskedastic_proxy_coupled,scrambled_gibbs:beta=1,scrambled_gibbs,131072,1.0,0.025022173172340262
heteroskedastic_proxy_coupled,scrambled_gibbs:beta=1,scrambled_gibbs,262144,1.0,0.02686810221281572
heteroskedastic_proxy_coupled,scrambled_gibbs:beta=1,scrambled_gibbs,524288,1.0,0.028207707275293196
heteroskedastic_proxy_coupled,scrambled_gibbs:beta=1,scrambled_gibbs,1048576,1.0,0.02917599838707946
heteroskedastic_proxy_coupled,scrambled_gibbs:beta=2,scrambled_gibbs,32,0.0,-0.20833564797985668
heteroskedastic_proxy_coupled,scrambled_gibbs:beta=2,scrambled_gibbs,64,0.0,-0.15295005661757854
heteroskedastic_proxy_coupled,scrambled_gibbs:beta=2,scrambled_gibbs,128,0.0,-0.10708542689115719
heteroskedastic_proxy_coupled,scrambled_gibbs:beta=2,scrambled_gibbs,256,0.0,-0.06918285459865599
heteroskedastic_proxy_coupled,scrambled_gibbs:beta=2,scrambled_gibbs,512,0.0,-0.038103742516543394
heteroskedastic_proxy_coupled,scrambled_gibbs:beta=2,scrambled_gibbs,1024,0.0,-0.012867274486816948
heteroskedastic_proxy_coupled,scrambled_gibbs:beta=2,scrambled_gibbs,2048,1.0,0.007477802941162959
heteroskedastic_proxy_coupled,scrambled_gibbs:beta=2,scrambled_gibbs,4096,1.0,0.02363941661409768
heteroskedastic_proxy_coupled,scrambled_gibbs:beta=2,scrambled_gibbs,8192,1.0,0.03633743231074961
heteroskedastic_proxy_coupled,scrambled_gibbs:beta=2,scrambled_gibbs,16384,1.0,0.046129393752885925
heteroskedastic_proxy_coupled,scrambled_gibbs:beta=2,scrambled_gibbs,32768,1.0,0.05358176614534431
heteroskedastic_proxy_coupled,scrambled_gibbs:beta=2,scrambled_gibbs,65536,1.0,0.059181454139386136
heteroskedastic_proxy_coupled,scrambled_gibbs:beta=2,scrambled_gibbs,131072,1.0,0.06332394939631734
heteroskedastic_proxy_coupled,scrambled_gibbs:beta=2,scrambled_gibbs,262144,1.0,0.06636583702346083
heteroskedastic_proxy_coupled,scrambled_gibbs:beta=2,scrambled_gibbs,524288,1.0,0.06857335853455826
heteroskedastic_proxy_coupled,scrambled_gibbs:beta=2,scrambled_gibbs,1048576,1.0,0.07016899557576163
heteroskedastic_proxy_coupled,scrambled_gibbs:beta=4,scrambled_gibbs,32,0.0,-0.37318377153102594
heteroskedastic_proxy_coupled,scrambled_gibbs:beta=4,scrambled_gibbs,64,0.0,-0.27599555414004645
heteroskedastic_proxy_coupled,scrambled_gibbs:beta=4,scrambled_gibbs,128,0.0,-0.19551430450868262
heteroskedastic_proxy_coupled,scrambled_gibbs:beta=4,scrambled_gibbs,256,0.0,-0.12900452561066778
heteroskedastic_proxy_coupled,scrambled_gibbs:beta=4,scrambled_gibbs,512,0.0,-0.07446825675334573
heteroskedastic_proxy_coupled,scrambled_gibbs:beta=4,scrambled_gibbs,1024,0.0,-0.030184404568569276
heteroskedastic_proxy_coupled,scrambled_gibbs:beta=4,scrambled_gibbs,2048,1.0,0.005516248963741208
heteroskedastic_proxy_coupled,scrambled_gibbs:beta=4,scrambled_gibbs,4096,1.0,0.03387594296357789
heteroskedastic_proxy_coupled,scrambled_gibbs:beta=4,scrambled_gibbs,8192,1.0,0.056157866467617466
heteroskedastic_proxy_coupled,scrambled_gibbs:beta=4,scrambled_gibbs,16384,1.0,0.07334037285447875
heteroskedastic_proxy_coupled,scrambled_gibbs:beta=4,scrambled_gibbs,32768,1.0,0.08641747053172899
heteroskedastic_proxy_coupled,scrambled_gibbs:beta=4,scrambled_gibbs,65536,1.0,0.096243558521416
heteroskedastic_proxy_coupled,scrambled_gibbs:beta=4,scrambled_gibbs,131072,1.0,0.10351262832222949
heteroskedastic_proxy_coupled,scrambled_gibbs:beta=4,scrambled_gibbs,262144,1.0,0.10885039991072791
heteroskedastic_proxy_coupled,scrambled_gibbs:beta=4,scrambled_gibbs,524288,1.0,0.11272406227017545
heteroskedastic_proxy_coupled,scrambled_gibbs:beta=4,scrambled_gibbs,1048576,1.0,0.11552401647890115
rare_top_tail,gibbs:beta=0.25,gibbs,32,0.0,-0.0217573277405945
rare_top_tail,gibbs:beta=0.25,gibbs,64,0.0,-0.011760303137075566
rare_top_tail,gibbs:beta=0.25,gibbs,128,0.0224609375,-0.0032461188438077156
rare_top_tail,gibbs:beta=0.25,gibbs,256,0.974609375,0.002774434821108526
rare_top_tail,gibbs:beta=0.25,gibbs,512,1.0,0.0070180014304759356
rare_top_tail,gibbs:beta=0.25,gibbs,1024,1.0,0.010058678394080312
rare_top_tail,gibbs:beta=0.25,gibbs,2048,1.0,0.012222587594780971
rare_top_tail,gibbs:beta=0.25,gibbs,4096,1.0,0.013743081179293085
rare_top_tail,gibbs:beta=0.25,gibbs,8192,1.0,0.014811758987673413
rare_top_tail,gibbs:beta=0.25,gibbs,16384,1.0,0.01557075720311454
rare_top_tail,gibbs:beta=0.25,gibbs,32768,1.0,0.016109233472092085
rare_top_tail,gibbs:beta=0.25,gibbs,65536,1.0,0.01648997534027596
rare_top_tail,gibbs:beta=0.25,gibbs,131072,1.0,0.01675918051543887
rare_top_tail,gibbs:beta=0.25,gibbs,262144,1.0,0.0169486828743552
rare_top_tail,gibbs:beta=0.25,gibbs,524288,1.0,0.01708293623849133
rare_top_tail,gibbs:beta=0.25,gibbs,1048576,1.0,0.017177168187393208
rare_top_tail,gibbs:beta=0.5,gibbs,32,0.0,-0.043513458863086676
rare_top_tail,gibbs:beta=0.5,gibbs,64,0.0,-0.02614424609905823
rare_top_tail,gibbs:beta=0.5,gibbs,128,0.0,-0.008550421929511266
rare_top_tail,gibbs:beta=0.5,gibbs,256,0.900390625,0.003958481982849395
rare_top_tail,gibbs:beta=0.5,gibbs,512,1.0,0.012775340018947902
rare_top_tail,gibbs:beta=0.5,gibbs,1024,1.0,0.01909295432540303
rare_top_tail,gibbs:beta=0.5,gibbs,2048,1.0,0.02358890831454736
rare_top_tail,gibbs:beta=0.5,gibbs,4096,1.0,0.026748037724664078
rare_top_tail,gibbs:beta=0.5,gibbs,8192,1.0,0.028968429529524393
rare_top_tail,gibbs:beta=0.5,gibbs,16384,1.0,0.030545400066625036
rare_top_tail,gibbs:beta=0.5,gibbs,32768,1.0,0.03166419217157346
rare_top_tail,gibbs:beta=0.5,gibbs,65536,1.0,0.03245525952344815
rare_top_tail,gibbs:beta=0.5,gibbs,131072,1.0,0.03301458709633342
rare_top_tail,gibbs:beta=0.5,gibbs,262144,1.0,0.03340831613369149
rare_top_tail,gibbs:beta=0.5,gibbs,524288,1.0,0.03368725433860713
rare_top_tail,gibbs:beta=0.5,gibbs,1048576,1.0,0.03388304005199707
rare_top_tail,gibbs:beta=1,gibbs,32,0.0,-0.08701323728219126
rare_top_tail,gibbs:beta=1,gibbs,64,0.0,-0.06044179876456436
rare_top_tail,gibbs:beta=1,gibbs,128,0.0,-0.02563575191346759
rare_top_tail,gibbs:beta=1,gibbs,256,0.583984375,0.001198512658817272
rare_top_tail,gibbs:beta=1,gibbs,512,1.0,0.020112804694500115
rare_top_tail,gibbs:beta=1,gibbs,1024,1.0,0.033665614717284194
rare_top_tail,gibbs:beta=1,gibbs,2048,1.0,0.043310522958009204
rare_top_tail,gibbs:beta=1,gibbs,4096,1.0,0.05008761928833675
rare_top_tail,gibbs:beta=1,gibbs,8192,1.0,0.05485089650781989
rare_top_tail,gibbs:beta=1,gibbs,16384,1.0,0.058233879555552835
rare_top_tail,gibbs:beta=1,gibbs,32768,1.0,0.060633959097899044
rare_top_tail,gibbs:beta=1,gibbs,65536,1.0,0.06233098981473626
rare_top_tail,gibbs:beta=1,gibbs,131072,1.0,0.06353088268063557
rare_top_tail,gibbs:beta=1,gibbs,262144,1.0,0.06437552665301535
rare_top_tail,gibbs:beta=1,gibbs,524288,1.0,0.06497391653817428
rare_top_tail,gibbs:beta=1,gibbs,1048576,1.0,0.06539392422620897
rare_top_tail,gibbs:beta=2,gibbs,32,0.0,-0.17380456655093698
rare_top_tail,gibbs:beta=2,gibbs,64,0.0,-0.12552051091587685
rare_top_tail,gibbs:beta=2,gibbs,128,0.0,-0.08222657973281466
rare_top_tail,gibbs:beta=2,gibbs,256,0.0078125,-0.025864146123791273
rare_top_tail,gibbs:beta=2,gibbs,512,0.9453125,0.016587557190053497
rare_top_tail,gibbs:beta=2,gibbs,1024,1.0,0.0470058181046424
rare_top_tail,gibbs:beta=2,gibbs,2048,1.0,0.06865308792325779
rare_top_tail,gibbs:beta=2,gibbs,4096,1.0,0.08386376999381326
rare_top_tail,gibbs:beta=2,gibbs,8192,1.0,0.09455458680797765
rare_top_tail,gibbs:beta=2,gibbs,16384,1.0,0.10214743735650417
rare_top_tail,gibbs:beta=2,gibbs,32768,1.0,0.10753423504732407
rare_top_tail,gibbs:beta=2,gibbs,65536,1.0,0.11134309262284126
rare_top_tail,gibbs:beta=2,gibbs,131072,1.0,0.11403616175043324
rare_top_tail,gibbs:beta=2,gibbs,262144,1.0,0.11593190150393012
rare_top_tail,gibbs:beta=2,gibbs,524288,1.0,0.1172749425134931
rare_top_tail,gibbs:beta=2,gibbs,1048576,1.0,0.1182176181224107
rare_top_tail,gibbs:beta=4,gibbs,32,0.0,-0.3437995911345585
rare_top_tail,gibbs:beta=4,gibbs,64,0.0,-0.2545172434578733
rare_top_tail,gibbs:beta=4,gibbs,128,0.0,-0.18159043919483134
rare_top_tail,gibbs:beta=4,gibbs,256,0.0,-0.12206526711492555
rare_top_tail,gibbs:beta=4,gibbs,512,0.0009765625,-0.05783991898541071
rare_top_tail,gibbs:beta=4,gibbs,1024,0.78125,0.011935895354509975
rare_top_tail,gibbs:beta=4,gibbs,2048,1.0,0.06193064108787046
rare_top_tail,gibbs:beta=4,gibbs,4096,1.0,0.0970599755914973
rare_top_tail,gibbs:beta=4,gibbs,8192,1.0,0.12175060275993856
rare_top_tail,gibbs:beta=4,gibbs,16384,1.0,0.13928642301559752
rare_top_tail,gibbs:beta=4,gibbs,32768,1.0,0.15172732586968407
rare_top_tail,gibbs:beta=4,gibbs,65536,1.0,0.16052394861325114
rare_top_tail,gibbs:beta=4,gibbs,131072,1.0,0.1667436385512655
rare_top_tail,gibbs:beta=4,gibbs,262144,1.0,0.17112188244746332
rare_top_tail,gibbs:beta=4,gibbs,524288,1.0,0.17422365899227435
rare_top_tail,gibbs:beta=4,gibbs,1048576,1.0,0.17640078468857573
rare_top_tail,best_of_n:n=2,best_of_n,32,0.0,-0.16669154727925073
rare_top_tail,best_of_n:n=2,best_of_n,64,0.0,-0.0821748944777631
rare_top_tail,best_of_n:n=2,best_of_n,128,0.0869140625,-0.017737190105488885
rare_top_tail,best_of_n:n=2,best_of_n,256,0.9951171875,0.027812740668567093
rare_top_tail,best_of_n:n=2,best_of_n,512,1.0,0.05991845320762644
rare_top_tail,best_of_n:n=2,best_of_n,1024,1.0,0.08292341801768145
rare_top_tail,best_of_n:n=2,best_of_n,2048,1.0,0.09929498777340574
rare_top_tail,best_of_n:n=2,best_of_n,4096,1.0,0.11079864364487729
rare_top_tail,best_of_n:n=2,best_of_n,8192,1.0,0.11888397979513171
rare_top_tail,best_of_n:n=2,best_of_n,16384,1.0,0.1246263613259932
rare_top_tail,best_of_n:n=2,best_of_n,32768,1.0,0.12870033161851446
rare_top_tail,best_of_n:n=2,best_of_n,65536,1.0,0.13158092478382782
rare_top_tail,best_of_n:n=2,best_of_n,131072,1.0,0.13361766056846916
rare_top_tail,best_of_n:n=2,best_of_n,262144,1.0,0.13505138573903938
rare_top_tail,best_of_n:n=2,best_of_n,524288,1.0,0.13606711149831965
rare_top_tail,best_of_n:n=2,best_of_n,1048576,1.0,0.1367800457213293
rare_top_tail,best_of_n:n=4,best_of_n,32,0.0,-0.3641970574988386
rare_top_tail,best_of_n:n=4,best_of_n,64,0.0,-0.2677860305511086
rare_top_tail,best_of_n:n=4,best_of_n,128,0.0,-0.18903644259810276
rare_top_tail,best_of_n:n=4,best_of_n,256,0.0,-0.11108926937800442
rare_top_tail,best_of_n:n=4,best_of_n,512,0.1630859375,-0.01827871009456611
rare_top_tail,best_of_n:n=4,best_of_n,1024,1.0,0.04966344305661448
rare_top_tail,best_of_n:n=4,best_of_n,2048,1.0,0.09801473195676014
rare_top_tail,best_of_n:n=4,best_of_n,4096,1.0,0.13198927421193374
rare_top_tail,best_of_n:n=4,best_of_n,8192,1.0,0.15586825648967487
rare_top_tail,best_of_n:n=4,best_of_n,16384,1.0,0.172827628896616
rare_top_tail,best_of_n:n=4,best_of_n,32768,1.0,0.18485956703837142
rare_top_tail,best_of_n:n=4,best_of_n,65536,1.0,0.19336702199950337
rare_top_tail,best_of_n:n=4,best_of_n,131072,1.0,0.19938225461346964
rare_top_tail,best_of_n:n=4,best_of_n,262144,1.0,0.20361657428836907
rare_top_tail,best_of_n:n=4,best_of_n,524288,1.0,0.2066163874011653
rare_top_tail,best_of_n:n=4,best_of_n,1048576,1.0,0.20872194533469737
rare_top_tail,best_of_n:n=8,best_of_n,32,0.0,-0.6707147970438552
rare_top_tail,best_of_n:n=8,best_of_n,64,0.0,-0.5171188746871503
rare_top_tail,best_of_n:n=8,best_of_n,128,0.0,-0.3916600347620232
rare_top_tail,best_of_n:n=8,best_of_n,256,0.0,-0.2892930438160594
rare_top_tail,best_of_n:n=8,best_of_n,512,0.0,-0.2067166500058784
rare_top_tail,best_of_n:n=8,best_of_n,1024,0.0,-0.13973156790859215
rare_top_tail,best_of_n:n=8,best_of_n,2048,0.0009765625,-0.07172000459005168
rare_top_tail,best_of_n:n=8,best_of_n,4096,0.5908203125,0.004285365933456618
rare_top_tail,best_of_n:n=8,best_of_n,8192,1.0,0.0582977371856353
rare_top_tail,best_of_n:n=8,best_of_n,16384,1.0,0.09665849762313213
rare_top_tail,best_of_n:n=8,best_of_n,32768,1.0,0.12387379106558036
rare_top_tail,best_of_n:n=8,best_of_n,65536,1.0,0.14311698202017042
rare_top_tail,best_of_n:n=8,best_of_n,131072,1.0,0.1567229629340477
rare_top_tail,best_of_n:n=8,best_of_n,262144,1.0,0.1663006594883208
rare_top_tail,best_of_n:n=8,best_of_n,524288,1.0,0.1730859997365333
rare_top_tail,best_of_n:n=8,best_of_n,1048576,1.0,0.17784860542366582
rare_top_tail,best_of_n:n=16,best_of_n,32,0.0,-1.0943531399226258
rare_top_tail,best_of_n:n=16,best_of_n,64,0.0,-0.9088096359495521
rare_top_tail,best_of_n:n=16,best_of_n,128,0.0,-0.722210201066487
rare_top_tail,best_of_n:n=16,best_of_n,256,0.0,-0.5699319681110679
rare_top_tail,best_of_n:n=16,best_of_n,512,0.0,-0.44709366626156966
rare_top_tail,best_of_n:n=16,best_of_n,1024,0.0,-0.3474779762579054
rare_top_tail,best_of_n:n=16,best_of_n,2048,0.0,-0.2682037834310734
rare_top_tail,best_of_n:n=16,best_of_n,4096,0.0,-0.20676919181371772
rare_top_tail,best_of_n:n=16,best_of_n,8192,0.0,-0.15988300583859316
rare_top_tail,best_of_n:n=16,best_of_n,16384,0.0,-0.12423783647794401
rare_top_tail,best_of_n:n=16,best_of_n,32768,0.0,-0.09543174536293406
rare_top_tail,best_of_n:n=16,best_of_n,65536,0.0,-0.05966182137938054
rare_top_tail,best_of_n:n=16,best_of_n,131072,0.0,-0.032236305684455666
rare_top_tail,best_of_n:n=16,best_of_n,262144,0.0009765625,-0.012930584999331553
rare_top_tail,best_of_n:n=16,best_of_n,524288,0.5888671875,0.0007465954002789262
rare_top_tail,best_of_n:n=16,best_of_n,1048576,1.0,0.010346558669959073
rare_top_tail,best_of_n:n=32,best_of_n,32,0.0,-1.2556355194637434
rare_top_tail,best_of_n:n=32,best_of_n,64,0.0,-1.2556355194637434
rare_top_tail,best_of_n:n=32,best_of_n,128,0.0,-1.1966173670775273
rare_top_tail,best_of_n:n=32,best_of_n,256,0.0,-0.9874466468352113
rare_top_tail,best_of_n:n=32,best_of_n,512,0.0,-0.810760343706592
rare_top_tail,best_of_n:n=32,best_of_n,1024,0.0,-0.667476630602853
rare_top_tail,best_of_n:n=32,best_of_n,2048,0.0,-0.5534514132790315
rare_top_tail,best_of_n:n=32,best_of_n,4096,0.0,-0.46508605236427236
rare_top_tail,best_of_n:n=32,best_of_n,8192,0.0,-0.3976466076388363
rare_top_tail,best_of_n:n=32,best_of_n,16384,0.0,-0.3463764204006686
rare_top_tail,best_of_n:n=32,best_of_n,32768,0.0,-0.30796293215947923
rare_top_tail,best_of_n:n=32,best_of_n,65536,0.0,-0.2796234381273508
rare_top_tail,best_of_n:n=32,best_of_n,131072,0.0,-0.2589218179403704
rare_top_tail,best_of_n:n=32,best_of_n,262144,0.0,-0.24399045657501503
rare_top_tail,best_of_n:n=32,best_of_n,524288,0.0,-0.23322080012422203
rare_top_tail,best_of_n:n=32,best_of_n,1048576,0.0,-0.2255623217010391
rare_top_tail,top_spike:alpha=0.1,top_spike,32,0.0,-0.14687500000000003
rare_top_tail,top_spike:alpha=0.1,top_spike,64,0.0,-0.14687500000000003
rare_top_tail,top_spike:alpha=0.1,top_spike,128,0.0,-0.14687500000000003
rare_top_tail,top_spike:alpha=0.1,top_spike,256,0.0,-0.14687500000000003
rare_top_tail,top_spike:alpha=0.1,top_spike,512,0.0,-0.14687500000000003
rare_top_tail,top_spike:alpha=0.1,top_spike,1024,0.0,-0.14687500000000003
rare_top_tail,top_spike:alpha=0.1,top_spike,2048,0.0,-0.14686760267165722
rare_top_tail,top_spike:alpha=0.1,top_spike,4096,0.0,-0.1428502948744873
rare_top_tail,top_spike:alpha=0.1,top_spike,8192,0.0,-0.12954700048066112
rare_top_tail,top_spike:alpha=0.1,top_spike,16384,0.0,-0.1190161859370562
rare_top_tail,top_spike:alpha=0.1,top_spike,32768,0.0,-0.1111261168260979
rare_top_tail,top_spike:alpha=0.1,top_spike,65536,0.0,-0.10530523003031544
rare_top_tail,top_spike:alpha=0.1,top_spike,131072,0.0,-0.10105315031918563
rare_top_tail,top_spike:alpha=0.1,top_spike,262144,0.0,-0.0979862725507922
rare_top_tail,top_spike:alpha=0.1,top_spike,524288,0.0,-0.09577420232263414
rare_top_tail,top_spike:alpha=0.1,top_spike,1048576,0.0,-0.09420116309057337
rare_top_tail,top_spike:alpha=0.25,top_spike,32,0.0,-0.3671875
rare_top_tail,top_spike:alpha=0.25,top_spike,64,0.0,-0.3671875
rare_top_tail,top_spike:alpha=0.25,top_spike,128,0.0,-0.3671875
rare_top_tail,top_spike:alpha=0.25,top_spike,256,0.0,-0.3671875
rare_top_tail,top_spike:alpha=0.25,top_spike,512,0.0,-0.3671875
rare_top_tail,top_spike:alpha=0.25,top_spike,1024,0.0,-0.3671875
rare_top_tail,top_spike:alpha=0.25,top_spike,2048,0.0,-0.367169006679143
rare_top_tail,top_spike:alpha=0.25,top_spike,4096,0.0,-0.3571257371862182
rare_top_tail,top_spike:alpha=0.25,top_spike,8192,0.0,-0.32386750120165275
rare_top_tail,top_spike:alpha=0.25,top_spike,16384,0.0,-0.2975404648426404
rare_top_tail,top_spike:alpha=0.25,top_spike,32768,0.0,-0.2778152920652447
rare_top_tail,top_spike:alpha=0.25,top_spike,65536,0.0,-0.2632630750757886
rare_top_tail,top_spike:alpha=0.25,top_spike,131072,0.0,-0.25263287579796406
rare_top_tail,top_spike:alpha=0.25,top_spike,262144,0.0,-0.2449656813769805
rare_top_tail,top_spike:alpha=0.25,top_spike,524288,0.0,-0.23943550580658535
rare_top_tail,top_spike:alpha=0.25,top_spike,1048576,0.0,-0.2355029077264334
rare_top_tail,top_spike:alpha=0.5,top_spike,32,0.0,-0.734375
rare_top_tail,top_spike:alpha=0.5,top_spike,64,0.0,-0.734375
rare_top_tail,top_spike:alpha=0.5,top_spike,128,0.0,-0.734375
rare_top_tail,top_spike:alpha=0.5,top_spike,256,0.0,-0.734375
rare_top_tail,top_spike:alpha=0.5,top_spike,512,0.0,-0.734375
rare_top_tail,top_spike:alpha=0.5,top_spike,1024,0.0,-0.734375
rare_top_tail,top_spike:alpha=0.5,top_spike,2048,0.0,-0.734338013358286
rare_top_tail,top_spike:alpha=0.5,top_spike,4096,0.0,-0.7142514743724364
rare_top_tail,top_spike:alpha=0.5,top_spike,8192,0.0,-0.6477350024033055
rare_top_tail,top_spike:alpha=0.5,top_spike,16384,0.0,-0.5950809296852808
rare_top_tail,top_spike:alpha=0.5,top_spike,32768,0.0,-0.5556305841304894
rare_top_tail,top_spike:alpha=0.5,top_spike,65536,0.0,-0.5265261501515772
rare_top_tail,top_spike:alpha=0.5,top_spike,131072,0.0,-0.5052657515959281
rare_top_tail,top_spike:alpha=0.5,top_spike,262144,0.0,-0.489931362753961
rare_top_tail,top_spike:alpha=0.5,top_spike,524288,0.0,-0.4788710116131707
rare_top_tail,top_spike:alpha=0.5,top_spike,1048576,0.0,-0.4710058154528668
rare_top_tail,top_spike:alpha=0.75,top_spike,32,0.0,-1.1015625
rare_top_tail,top_spike:alpha=0.75,top_spike,64,0.0,-1.1015625
rare_top_tail,top_spike:alpha=0.75,top_spike,128,0.0,-1.1015625
rare_top_tail,top_spike:alpha=0.75,top_spike,256,0.0,-1.1015625
rare_top_tail,top_spike:alpha=0.75,top_spike,512,0.0,-1.1015625
rare_top_tail,top_spike:alpha=0.75,top_spike,1024,0.0,-1.1015625
rare_top_tail,top_spike:alpha=0.75,top_spike,2048,0.0,-1.101507020037429
rare_top_tail,top_spike:alpha=0.75,top_spike,4096,0.0,-1.0713772115586546
rare_top_tail,top_spike:alpha=0.75,top_spike,8192,0.0,-0.9716025036049583
rare_top_tail,top_spike:alpha=0.75,top_spike,16384,0.0,-0.8926213945279213
rare_top_tail,top_spike:alpha=0.75,top_spike,32768,0.0,-0.833445876195734
rare_top_tail,top_spike:alpha=0.75,top_spike,65536,0.0,-0.7897892252273656
rare_top_tail,top_spike:alpha=0.75,top_spike,131072,0.0,-0.7578986273938921
rare_top_tail,top_spike:alpha=0.75,top_spike,262144,0.0,-0.7348970441309415
rare_top_tail,top_spike:alpha=0.75,top_spike,524288,0.0,-0.718306517419756
rare_top_tail,top_spike:alpha=0.75,top_spike,1048576,0.0,-0.7065087231793001
rare_top_tail,top_spike:alpha=1,top_spike,32,0.0,-1.46875
rare_top_tail,top_spike:alpha=1,top_spike,64,0.0,-1.46875
rare_top_tail,top_spike:alpha=1,top_spike,128,0.0,-1.46875
rare_top_tail,top_spike:alpha=1,top_spike,256,0.0,-1.46875
rare_top_tail,top_spike:alpha=1,top_spike,512,0.0,-1.46875
rare_top_tail,top_spike:alpha=1,top_spike,1024,0.0,-1.46875
rare_top_tail,top_spike:alpha=1,top_spike,2048,0.0,-1.468676026716572
rare_top_tail,top_spike:alpha=1,top_spike,4096,0.0,-1.4285029487448728
rare_top_tail,top_spike:alpha=1,top_spike,8192,0.0,-1.295470004806611
rare_top_tail,top_spike:alpha=1,top_spike,16384,0.0,-1.1901618593705616
rare_top_tail,top_spike:alpha=1,top_spike,32768,0.0,-1.1112611682609788
rare_top_tail,top_spike:alpha=1,top_spike,65536,0.0,-1.0530523003031544
rare_top_tail,top_spike:alpha=1,top_spike,131072,0.0,-1.0105315031918563
rare_top_tail,top_spike:alpha=1,top_spike,262144,0.0,-0.979862725507922
rare_top_tail,top_spike:alpha=1,top_spike,524288,0.0,-0.9577420232263414
rare_top_tail,top_spike:alpha=1,top_spike,1048576,0.0,-0.9420116309057336
rare_top_tail,scrambled_gibbs:beta=0.25,scrambled_gibbs,32,0.0,-0.12889387698623278
rare_top_tail,scrambled_gibbs:beta=0.25,scrambled_gibbs,64,0.0,-0.1070761754093339
rare_top_tail,scrambled_gibbs:beta=0.25,scrambled_gibbs,128,0.0,-0.07978616068884734
rare_top_tail,scrambled_gibbs:beta=0.25,scrambled_gibbs,256,0.0,-0.05512228151187294
rare_top_tail,scrambled_gibbs:beta=0.25,scrambled_gibbs,512,0.0,-0.03771386232765814
rare_top_tail,scrambled_gibbs:beta=0.25,scrambled_gibbs,1024,0.0,-0.025240067508610558
rare_top_tail,scrambled_gibbs:beta=0.25,scrambled_gibbs,2048,0.0,-0.016363044497066086
rare_top_tail,scrambled_gibbs:beta=0.25,scrambled_gibbs,4096,0.0,-0.010125510808383848
rare_top_tail,scrambled_gibbs:beta=0.25,scrambled_gibbs,8192,0.0,-0.005741464798575576
rare_top_tail,scrambled_gibbs:beta=0.25,scrambled_gibbs,16384,0.0,-0.00262782000146004
rare_top_tail,scrambled_gibbs:beta=0.25,scrambled_gibbs,32768,0.2109375,-0.00041882425000404886
rare_top_tail,scrambled_gibbs:beta=0.25,scrambled_gibbs,65536,1.0,0.0011430963353108604
rare_top_tail,scrambled_gibbs:beta=0.25,scrambled_gibbs,131072,1.0,0.0022474590017176835
rare_top_tail,scrambled_gibbs:beta=0.25,scrambled_gibbs,262144,1.0,0.003024856131087776
rare_top_tail,scrambled_gibbs:beta=0.25,scrambled_gibbs,524288,1.0,0.003575604841998473
rare_top_tail,scrambled_gibbs:beta=0.25,scrambled_gibbs,1048576,1.0,0.003962173362781964
rare_top_tail,scrambled_gibbs:beta=0.5,scrambled_gibbs,32,0.0,-0.1260646555469303
rare_top_tail,scrambled_gibbs:beta=0.5,scrambled_gibbs,64,0.0,-0.10167534984103957
rare_top_tail,scrambled_gibbs:beta=0.5,scrambled_gibbs,128,0.0,-0.08174547407245794
rare_top_tail,scrambled_gibbs:beta=0.5,scrambled_gibbs,256,0.0,-0.059775933658853406
rare_top_tail,scrambled_gibbs:beta=0.5,scrambled_gibbs,512,0.0,-0.036521885556513214
rare_top_tail,scrambled_gibbs:beta=0.5,scrambled_gibbs,1024,0.0,-0.019762537000748648
rare_top_tail,scrambled_gibbs:beta=0.5,scrambled_gibbs,2048,0.0009765625,-0.007835683549476608
rare_top_tail,scrambled_gibbs:beta=0.5,scrambled_gibbs,4096,0.6259765625,0.0005448456105285629
rare_top_tail,scrambled_gibbs:beta=0.5,scrambled_gibbs,8192,1.0,0.0064350944264454975
rare_top_tail,scrambled_gibbs:beta=0.5,scrambled_gibbs,16384,1.0,0.010618477205358846
rare_top_tail,scrambled_gibbs:beta=0.5,scrambled_gibbs,32768,1.0,0.013586405593945312
rare_top_tail,scrambled_gibbs:beta=0.5,scrambled_gibbs,65536,1.0,0.015684946726411617
rare_top_tail,scrambled_gibbs:beta=0.5,scrambled_gibbs,131072,1.0,0.01716872925825373
rare_top_tail,scrambled_gibbs:beta=0.5,scrambled_gibbs,262144,1.0,0.01821321248459872
rare_top_tail,scrambled_gibbs:beta=0.5,scrambled_gibbs,524288,1.0,0.018953178929989968
rare_top_tail,scrambled_gibbs:beta=0.5,scrambled_gibbs,1048576,1.0,0.01947255869168077
rare_top_tail,scrambled_gibbs:beta=1,scrambled_gibbs,32,0.0,-0.14361298335803244
rare_top_tail,scrambled_gibbs:beta=1,scrambled_gibbs,64,0.0,-0.11061687014853067
rare_top_tail,scrambled_gibbs:beta=1,scrambled_gibbs,128,0.0,-0.08366528170929795
rare_top_tail,scrambled_gibbs:beta=1,scrambled_gibbs,256,0.0,-0.061673291511983724
rare_top_tail,scrambled_gibbs:beta=1,scrambled_gibbs,512,0.0,-0.038648275579423505
rare_top_tail,scrambled_gibbs:beta=1,scrambled_gibbs,1024,0.0087890625,-0.012774602312947487
rare_top_tail,scrambled_gibbs:beta=1,scrambled_gibbs,2048,0.908203125,0.005821600322696656
rare_top_tail,scrambled_gibbs:beta=1,scrambled_gibbs,4096,1.0,0.018888417911266865
rare_top_tail,scrambled_gibbs:beta=1,scrambled_gibbs,8192,1.0,0.028072421135811546
rare_top_tail,scrambled_gibbs:beta=1,scrambled_gibbs,16384,1.0,0.03459509991081064
rare_top_tail,scrambled_gibbs:beta=1,scrambled_gibbs,32768,1.0,0.03922265720810837
rare_top_tail,scrambled_gibbs:beta=1,scrambled_gibbs,65536,1.0,0.042494676630332046
rare_top_tail,scrambled_gibbs:beta=1,scrambled_gibbs,131072,1.0,0.0448081720331302
rare_top_tail,scrambled_gibbs:beta=1,scrambled_gibbs,262144,1.0,0.04643671738299959
rare_top_tail,scrambled_gibbs:beta=1,scrambled_gibbs,524288,1.0,0.047590463927995104
rare_top_tail,scrambled_gibbs:beta=1,scrambled_gibbs,1048576,1.0,0.048400274439435946
rare_top_tail,scrambled_gibbs:beta=2,scrambled_gibbs,32,0.0,-0.2145682040415086
rare_top_tail,scrambled_gibbs:beta=2,scrambled_gibbs,64,0.0,-0.1601942458258903
rare_top_tail,scrambled_gibbs:beta=2,scrambled_gibbs,128,0.0,-0.1157809982917117
rare_top_tail,scrambled_gibbs:beta=2,scrambled_gibbs,256,0.0,-0.07954241589348934
rare_top_tail,scrambled_gibbs:beta=2,scrambled_gibbs,512,0.0,-0.050213480230773266
rare_top_tail,scrambled_gibbs:beta=2,scrambled_gibbs,1024,0.0712890625,-0.015660342989491996
rare_top_tail,scrambled_gibbs:beta=2,scrambled_gibbs,2048,0.9853515625,0.01810569990066373
rare_top_tail,scrambled_gibbs:beta=2,scrambled_gibbs,4096,1.0,0.04187049669514
rare_top_tail,scrambled_gibbs:beta=2,scrambled_gibbs,8192,1.0,0.058573566812383536
rare_top_tail,scrambled_gibbs:beta=2,scrambled_gibbs,16384,1.0,0.07043645037931165
rare_top_tail,scrambled_gibbs:beta=2,scrambled_gibbs,32768,1.0,0.07885265104023403
rare_top_tail,scrambled_gibbs:beta=2,scrambled_gibbs,65536,1.0,0.0848035167464135
rare_top_tail,scrambled_gibbs:beta=2,scrambled_gibbs,131072,1.0,0.08901110193383854
rare_top_tail,scrambled_gibbs:beta=2,scrambled_gibbs,262144,1.0,0.09197295925279957
rare_top_tail,scrambled_gibbs:beta=2,scrambled_gibbs,524288,1.0,0.09407129360301893
rare_top_tail,scrambled_gibbs:beta=2,scrambled_gibbs,1048576,1.0,0.09554410686577211
rare_top_tail,scrambled_gibbs:beta=4,scrambled_gibbs,32,0.0,-0.38412038877248855
rare_top_tail,scrambled_gibbs:beta=4,scrambled_gibbs,64,0.0,-0.2887073410557731
rare_top_tail,scrambled_gibbs:beta=4,scrambled_gibbs,128,0.0,-0.21077291352285774
rare_top_tail,scrambled_gibbs:beta=4,scrambled_gibbs,256,0.0,-0.14718303143561717
rare_top_tail,scrambled_gibbs:beta=4,scrambled_gibbs,512,0.0,-0.09588697303774167
rare_top_tail,scrambled_gibbs:beta=4,scrambled_gibbs,1024,0.0,-0.05428076933986885
rare_top_tail,scrambled_gibbs:beta=4,scrambled_gibbs,2048,0.1875,-0.01266069351693001
rare_top_tail,scrambled_gibbs:beta=4,scrambled_gibbs,4096,1.0,0.03455872129986731
rare_top_tail,scrambled_gibbs:beta=4,scrambled_gibbs,8192,1.0,0.0681977484557448
rare_top_tail,scrambled_gibbs:beta=4,scrambled_gibbs,16384,1.0,0.09208891694476046
rare_top_tail,scrambled_gibbs:beta=4,scrambled_gibbs,32768,1.0,0.10903866334436446
rare_top_tail,scrambled_gibbs:beta=4,scrambled_gibbs,65536,1.0,0.1210233662574231
rare_top_tail,scrambled_gibbs:beta=4,scrambled_gibbs,131072,1.0,0.1294972019886364
rare_top_tail,scrambled_gibbs:beta=4,scrambled_gibbs,262144,1.0,0.135462213096475
rare_top_tail,scrambled_gibbs:beta=4,scrambled_gibbs,524288,1.0,0.13968813837210858
rare_top_tail,scrambled_gibbs:beta=4,scrambled_gibbs,1048576,1.0,0.14265429998153292
